split,evaluation,prior_return_tail,si_tail,prior_return_signal,si_signal,target,base_n,high_si_n,other_si_n,high_si_events,other_si_events,high_si_event_rate,other_si_event_rate,event_rate_difference,event_rate_lift,target_difference,target_bootstrap_ci_low,target_bootstrap_ci_high,high_si_mean_return_1d,other_si_mean_return_1d,return_difference_1d,return_ci_low_1d,return_ci_high_1d,high_si_mean_return_3d,other_si_mean_return_3d,return_difference_3d,return_ci_low_3d,return_ci_high_3d,high_si_mean_return_5d,other_si_mean_return_5d,return_difference_5d,return_ci_low_5d,return_ci_high_5d,high_si_mean_return_10d,other_si_mean_return_10d,return_difference_10d,return_ci_low_10d,return_ci_high_10d,high_si_mean_return_20d,other_si_mean_return_20d,return_difference_20d,return_ci_low_20d,return_ci_high_20d
window_1,validation,0.2,0.2,price_momentum_5d,short_interest_change,down_10pct_5d,5798,228,5570,18,349,0.07894736842105263,0.06265709156193895,0.016290276859113675,1.259990951591012,0.016290276859113675,-0.01764693376169328,0.05486885413713816,-0.005339895864399157,-0.0005052891494988057,-0.0048346067149003516,-0.010367927432513276,0.0006280181221259434,-0.005556198061927245,-0.0010094601864364652,-0.004546737875490779,-0.01450504059731297,0.005657750572685795,-0.002917009600488701,-0.001074316899916596,-0.0018426927005721048,-0.014527211821407095,0.011522977189043581,-0.0028093420251951583,-0.0016899421061107064,-0.0011193999190844519,-0.017114604559672852,0.014541374374495354,-0.00092830220002156,0.002540407890314733,-0.003468710090336293,-0.028212361406490253,0.02227082281262415
window_1,validation,0.2,0.1,price_momentum_5d,short_interest_change,down_10pct_5d,5798,228,5570,18,349,0.07894736842105263,0.06265709156193895,0.016290276859113675,1.259990951591012,0.016290276859113675,-0.016490637500393715,0.05371641626507919,-0.005339895864399157,-0.0005052891494988057,-0.0048346067149003516,-0.010582937869554495,0.0007376917211715223,-0.005556198061927245,-0.0010094601864364652,-0.004546737875490779,-0.014882490520815226,0.005141632869559128,-0.002917009600488701,-0.001074316899916596,-0.0018426927005721048,-0.01523257407693838,0.010565379763526667,-0.0028093420251951583,-0.0016899421061107064,-0.0011193999190844519,-0.016833004309436777,0.014510301706580202,-0.00092830220002156,0.002540407890314733,-0.003468710090336293,-0.028756316726826672,0.020471558841990842
window_1,validation,0.2,0.05,price_momentum_5d,short_interest_change,down_10pct_5d,5798,226,5572,18,349,0.07964601769911504,0.0626346015793252,0.017011416119789846,1.2715977381646677,0.017011416119789846,-0.016957099022292244,0.055645960523222904,-0.005459324943445106,-0.0005021804347761596,-0.004957144508668946,-0.01060719897491512,0.0007670994960978184,-0.0058493240271182126,-0.0009992030090527292,-0.004850121018065484,-0.016089413928694642,0.0054634325206037535,-0.0032376293167503014,-0.0010619739942321065,-0.0021756553225181947,-0.01596713845000887,0.010487622529641425,-0.0032842105693074246,-0.0016710832598918974,-0.0016131273094155273,-0.018506023686659757,0.014642545929312871,-0.0007545447652279701,0.0025321152484547122,-0.0032866600136826824,-0.028527744046246205,0.022245940095788588
window_1,validation,0.2,0.025,price_momentum_5d,short_interest_change,down_10pct_5d,5798,184,5614,13,354,0.07065217391304347,0.06305664410402564,0.007595529809017829,1.1204556619995087,0.007595529809017829,-0.02831043509239324,0.046981343225786426,-0.005515726176154376,-0.0005374177419627629,-0.004978308434191613,-0.010952370885961323,0.0007188877617841312,-0.003797572877341771,-0.0011027347679265474,-0.002694838109415224,-0.014788923451894125,0.009395519903515758,0.0034726055565403374,-0.0012981800398735818,0.00477078559641392,-0.009239553797577436,0.01873438704206579,0.005447698867122354,-0.0019693416644694767,0.007417040531591831,-0.009001182014225556,0.024609834674802683,0.014808673548735236,0.0019974391012612847,0.012811234447473951,-0.015414309738485869,0.03998560749955078
window_1,validation,0.2,0.01,price_momentum_5d,short_interest_change,down_10pct_5d,5798,91,5707,6,361,0.06593406593406594,0.06325565095496759,0.002678414979098348,1.042342698852394,0.002678414979098348,-0.043555533304963825,0.06288455280482613,-0.003560506785457187,-0.0006497197656062294,-0.0029107870198509574,-0.010319991142539403,0.004993885803132757,0.0012360291963391102,-0.0012269116967649175,0.0024629408931040276,-0.014622249348510136,0.01985965235352447,0.011042336004979595,-0.0013411382333800605,0.012383474238359655,-0.00886053920722263,0.033217825611549096,0.014888591954000354,-0.00199901338366833,0.016887605337668685,-0.007768659963856936,0.04211121760778368,0.029497200664870844,0.0019719947059654605,0.027525205958905383,-0.016435708687441267,0.07035053473588805
window_1,validation,0.1,0.2,price_momentum_5d,short_interest_change,down_10pct_5d,2971,140,2831,16,252,0.11428571428571428,0.08901448251501236,0.025271231770701924,1.2839002267573696,0.025271231770701924,-0.023315839935409005,0.0816294090932028,-0.009249658235773842,-0.0013268517180096077,-0.007922806517764235,-0.016182861289299737,0.00020520038054445738,-0.016774542100180062,-0.003289405044978243,-0.01348513705520182,-0.029156376894837688,0.0013921210593183125,-0.017772296185029457,-0.003915947450454471,-0.013856348734574985,-0.031955844909441165,0.004042272251507645,-0.022098707716711123,-0.004262666284985934,-0.017836041431725187,-0.03906949545405875,0.0027389836191117297,-0.018921832023005906,0.0004972538348474096,-0.019419085857853315,-0.05441127494272244,0.016219401120433154
window_1,validation,0.1,0.1,price_momentum_5d,short_interest_change,down_10pct_5d,2971,140,2831,16,252,0.11428571428571428,0.08901448251501236,0.025271231770701924,1.2839002267573696,0.025271231770701924,-0.02473564363929959,0.07978698844426502,-0.009249658235773842,-0.0013268517180096077,-0.007922806517764235,-0.016109210359933596,0.0007422260712282779,-0.016774542100180062,-0.003289405044978243,-0.01348513705520182,-0.027988622039888843,0.0016413420551269606,-0.017772296185029457,-0.003915947450454471,-0.013856348734574985,-0.03175192028236435,0.004421218206852878,-0.022098707716711123,-0.004262666284985934,-0.017836041431725187,-0.03816302029594975,0.002459660464101399,-0.018921832023005906,0.0004972538348474096,-0.019419085857853315,-0.054559667481327664,0.01462151042348852
window_1,validation,0.1,0.05,price_momentum_5d,short_interest_change,down_10pct_5d,2971,139,2832,16,252,0.11510791366906475,0.08898305084745763,0.026124862821607128,1.2935936964713943,0.026124862821607128,-0.02354629008657481,0.0873596461813599,-0.009328905867550173,-0.0013257596931864632,-0.00800314617436371,-0.016316118762077076,0.0008655903171468657,-0.016899456917187475,-0.003288035686747725,-0.013611421230439751,-0.028650915586664293,0.0014461676075212143,-0.018056827731804222,-0.003906874874088964,-0.014149952857715259,-0.03340811635807382,0.004753022777896873,-0.02213912855450879,-0.004266980389850995,-0.017872148164657795,-0.0410850381697709,0.0035276241614884277,-0.01771565577771861,0.00043119536593752794,-0.018146851143656138,-0.05291213968215686,0.017098061254233896
window_1,validation,0.1,0.025,price_momentum_5d,short_interest_change,down_10pct_5d,2971,109,2862,12,256,0.11009174311926606,0.08944793850454227,0.020643804614723787,1.23079128440367,0.020643804614723787,-0.03799013008161355,0.07944563050154187,-0.00842421171926245,-0.0014441056216959926,-0.006980106097566458,-0.015663014807218358,0.0016301827152309719,-0.01379239957365202,-0.0035490461295704222,-0.010243353444081598,-0.02729255249528318,0.006436544768231196,-0.010727501403076175,-0.00433433649378247,-0.006393164909293705,-0.02758912180832267,0.0146068351564847,-0.011189696219812355,-0.004871331392444162,-0.006318364827368193,-0.02906633009515431,0.017288181206694297,-0.0016731184854169377,-0.00037000732419893993,-0.0013031111612179977,-0.04002793082301587,0.038320354047025156
window_1,validation,0.1,0.01,price_momentum_5d,short_interest_change,down_10pct_5d,2971,53,2918,5,263,0.09433962264150944,0.09013022618231666,0.004209396459192785,1.04670349379439,0.004209396459192785,-0.06647306244907988,0.08620953871222202,-0.004787099491854925,-0.0016441237469586108,-0.0031429757448963144,-0.014363038877497562,0.008257221758875001,-0.004946294099305754,-0.0039063015726852,-0.0010399925266205545,-0.027484457086290645,0.02691247173566527,0.0011931361478250751,-0.004673545206982679,0.005866681354807754,-0.026624481084219498,0.03766551962951137,0.002338361694748716,-0.005238300377983694,0.00757666207273241,-0.024573761486956558,0.04236996112154495,0.020765965981450387,-0.0008025795317973536,0.02156854551324774,-0.04140199552106134,0.08417474565626426
window_1,validation,0.05,0.2,price_momentum_5d,short_interest_change,down_10pct_5d,1542,81,1461,15,177,0.18518518518518517,0.12114989733059549,0.06403528785458969,1.5285624607658503,0.06403528785458969,-0.020281009962734808,0.15045504094100942,-0.014928142167458396,-0.0024242926522702805,-0.012503849515188115,-0.024486479726583216,-0.001094684738311757,-0.025162552517361724,-0.006393206387871086,-0.01876934612949064,-0.042718965940863336,0.004958563126862628,-0.03679623546383664,-0.0063299307701551065,-0.030466304693681532,-0.05759387313859625,-0.003499948272984643,-0.040505563806324724,-0.00592936967477969,-0.034576194131545036,-0.06491019845225289,-0.0030558875684975817,-0.03299199148830104,-0.000287462446283274,-0.03270452904201776,-0.08455207811367253,0.019591039798262242
window_1,validation,0.05,0.1,price_momentum_5d,short_interest_change,down_10pct_5d,1542,81,1461,15,177,0.18518518518518517,0.12114989733059549,0.06403528785458969,1.5285624607658503,0.06403528785458969,-0.015514487793748588,0.158669227064162,-0.014928142167458396,-0.0024242926522702805,-0.012503849515188115,-0.02424174287204415,-0.0004556920350088743,-0.025162552517361724,-0.006393206387871086,-0.01876934612949064,-0.042884346093794476,0.005655299962524859,-0.03679623546383664,-0.0063299307701551065,-0.030466304693681532,-0.05880061775152553,-0.004223329257609207,-0.040505563806324724,-0.00592936967477969,-0.034576194131545036,-0.06627704250908366,-0.0024602107229842033,-0.03299199148830104,-0.000287462446283274,-0.03270452904201776,-0.08559265436387617,0.020265842306170297
window_1,validation,0.05,0.05,price_momentum_5d,short_interest_change,down_10pct_5d,1542,80,1462,15,177,0.1875,0.1210670314637483,0.0664329685362517,1.548728813559322,0.0664329685362517,-0.01883165184678522,0.16099050957592323,-0.015136815976815826,-0.002421426677418429,-0.012715389299397396,-0.02438971780227673,-0.0003897597246258763,-0.02548444214212687,-0.006388430858560743,-0.019096011283566125,-0.04298745244274917,0.004567421399975066,-0.03752840826734289,-0.00631070538056084,-0.03121770288678205,-0.05928239967158243,-0.004866884948121862,-0.040805880713118324,-0.00593658639269218,-0.034869294320426146,-0.06519167540299053,-0.004328065686013693,-0.031072137255430555,-0.0004148857483842688,-0.030657251507046287,-0.0833444183225776,0.02198554800676138
window_1,validation,0.05,0.025,price_momentum_5d,short_interest_change,down_10pct_5d,1542,58,1484,11,181,0.1896551724137931,0.12196765498652291,0.06768751742727018,1.5549628500666792,0.06768751742727018,-0.02865391765033925,0.17383818198717346,-0.015349904494679278,-0.0026016014958487946,-0.012748302998830483,-0.025420157937644683,-6.114273345957547e-05,-0.021351072831841813,-0.0068330721444333775,-0.014518000687408435,-0.044321444564389335,0.016364115516738987,-0.029425408829777327,-0.007090195563099926,-0.022335213266677402,-0.05626373058978931,0.008871091815404963,-0.02712804147886448,-0.006988095254306802,-0.02013994622455768,-0.05529551410781385,0.014088008913875946,0.001462637858034024,-0.002140948073004191,0.0036035859310382147,-0.061577334577388,0.06692975241348653
window_1,validation,0.05,0.01,price_momentum_5d,short_interest_change,down_10pct_5d,1542,28,1514,5,187,0.17857142857142858,0.12351387054161163,0.05505755802981695,1.4457601222307104,0.05505755802981695,-0.06663285525570863,0.20522976033213788,-0.00024826030795957216,-0.0031335005230568964,0.0028852402150973244,-0.015297502395528698,0.021559516476673327,0.009934131056202682,-0.007699337487555899,0.01763346854375858,-0.028373240949412567,0.06571119499863828,-0.0025717214265171813,-0.008029402726436522,0.00545768129991934,-0.0483817252616116,0.05819485848097428,0.012254450161902786,-0.008115511471399411,0.020369961633302198,-0.035281142415907255,0.07526445348959804,0.05000566076553562,-0.002967300162488271,0.05297296092802389,-0.050511699828901406,0.1594407286258698
window_1,validation,0.025,0.2,price_momentum_5d,short_interest_change,down_10pct_5d,771,50,721,12,126,0.24,0.17475728155339806,0.06524271844660193,1.3733333333333333,0.06524271844660193,-0.05753120665742026,0.18744868238557555,-0.0167931075345682,-0.005035963835532307,-0.011757143699035893,-0.02576451153553706,0.001713764070408026,-0.04341174590487323,-0.014197225469213768,-0.02921452043565946,-0.05953248963204158,0.0013030243420450805,-0.05077018104381172,-0.013037382473066508,-0.03773279857074521,-0.07474239069000904,-0.0026467894935531455,-0.05274852346234418,-0.014011356307782392,-0.03873716715456179,-0.07183760981790885,-0.0025407515761642885,-0.050738860466711444,-0.005860066529805506,-0.04487879393690594,-0.11547263906201528,0.022129812518594298
window_1,validation,0.025,0.1,price_momentum_5d,short_interest_change,down_10pct_5d,771,50,721,12,126,0.24,0.17475728155339806,0.06524271844660193,1.3733333333333333,0.06524271844660193,-0.05337586685159502,0.1944126213592231,-0.0167931075345682,-0.005035963835532307,-0.011757143699035893,-0.025828129782572797,0.0014871603892308944,-0.04341174590487323,-0.014197225469213768,-0.02921452043565946,-0.05869646922598335,0.001237423697588261,-0.05077018104381172,-0.013037382473066508,-0.03773279857074521,-0.07469824334124989,5.828198440645505e-05,-0.05274852346234418,-0.014011356307782392,-0.03873716715456179,-0.07381913375023456,0.00011238241930872,-0.050738860466711444,-0.005860066529805506,-0.04487879393690594,-0.1177530431241581,0.022491251035028262
window_1,validation,0.025,0.05,price_momentum_5d,short_interest_change,down_10pct_5d,771,49,722,12,126,0.24489795918367346,0.1745152354570637,0.07038272372660975,1.403304178814383,0.07038272372660975,-0.0496890723048222,0.20114195262592574,-0.017171859985909105,-0.0050265431618250105,-0.012145316824084096,-0.027170738421295287,0.0016740622967468459,-0.04430971250423493,-0.01417674646238127,-0.030132966041853664,-0.061353966224147675,0.0008866819176228895,-0.052250747775658156,-0.012989162291224777,-0.03926158548443338,-0.0776248288387355,-0.0011152125244580284,-0.05348869309906883,-0.014014775774479144,-0.039473917324589686,-0.07611154200902688,-0.003415575858240801,-0.04796658557587004,-0.006110371604027298,-0.04185621397184274,-0.11071741179909582,0.023068043169444274
window_1,validation,0.025,0.025,price_momentum_5d,short_interest_change,down_10pct_5d,771,37,734,11,127,0.2972972972972973,0.17302452316076294,0.12427277413653437,1.7182379229623326,0.12427277413653437,-0.028573532660726125,0.2716694896531409,-0.01543490895165319,-0.005312661677024572,-0.010122247274628618,-0.02553082699621128,0.0047443827799554745,-0.04607178356667235,-0.014580559763732848,-0.031491223802939505,-0.06986996953715507,0.007204114167484177,-0.056116097584958564,-0.013436193739275303,-0.042679903845683265,-0.08814447163158405,0.004230872049751801,-0.05201797663425673,-0.014734262854987485,-0.03728371377926924,-0.07994196268810776,0.007653380063376374,-0.035116129500457074,-0.007442444413907938,-0.027673685086549136,-0.11520792063154074,0.05701546175990637
window_1,validation,0.025,0.01,price_momentum_5d,short_interest_change,down_10pct_5d,771,20,751,5,133,0.25,0.17709720372836218,0.07290279627163782,1.4116541353383458,0.07290279627163782,-0.10715712383488682,0.2715712383488682,-0.0019694189407871007,-0.005900395370614462,0.003930976429827361,-0.01344415481613104,0.020666877022575407,-0.013044879184026201,-0.016172955093030978,0.003128075909004777,-0.04731752974861371,0.04937488558428437,-0.0218486703399872,-0.015314898013943801,-0.006533772326043397,-0.07657534039676336,0.05820792980858298,-0.015500350579953354,-0.01655074175689647,0.0010503911769431159,-0.059292107405794985,0.06786950572538074,0.022439306210594662,-0.009601647290994985,0.03204095350158965,-0.09069672401676925,0.15930730843761706
window_1,validation,0.01,0.2,price_momentum_5d,short_interest_change,down_10pct_5d,514,34,480,11,96,0.3235294117647059,0.2,0.12352941176470589,1.6176470588235294,0.12352941176470589,-0.03395220588235293,0.28522365196078403,-0.022360978465061295,-0.005376147007164278,-0.016984831457897018,-0.036189413002532665,0.0011883157474632514,-0.06843845531595089,-0.01878668997062627,-0.04965176534532462,-0.09101722479469723,-0.010471532910816095,-0.08275688026497195,-0.017283977531232928,-0.06547290273373903,-0.1090664233872555,-0.023504924564794367,-0.0828007620380039,-0.017583516312511815,-0.06521724572549209,-0.10588562101467495,-0.025298531007381178,-0.10409201844984473,-0.01259286155043895,-0.09149915689940577,-0.1720272039970987,-0.012792320247320979
window_1,validation,0.01,0.1,price_momentum_5d,short_interest_change,down_10pct_5d,514,34,480,11,96,0.3235294117647059,0.2,0.12352941176470589,1.6176470588235294,0.12352941176470589,-0.04020220588235294,0.2810049019607843,-0.022360978465061295,-0.005376147007164278,-0.016984831457897018,-0.03528132977342612,0.0006111804548889775,-0.06843845531595089,-0.01878668997062627,-0.04965176534532462,-0.09053553242414018,-0.011477511512269454,-0.08275688026497195,-0.017283977531232928,-0.06547290273373903,-0.10848731959848243,-0.02432978200808573,-0.0828007620380039,-0.017583516312511815,-0.06521724572549209,-0.10461966620465891,-0.02466348991799271,-0.10409201844984473,-0.01259286155043895,-0.09149915689940577,-0.17294472173011965,-0.01267037484375516
window_1,validation,0.01,0.05,price_momentum_5d,short_interest_change,down_10pct_5d,514,33,481,11,96,0.3333333333333333,0.1995841995841996,0.13374913374913372,1.6701388888888886,0.13374913374913372,-0.028161028161028168,0.30517230517230515,-0.023092091830097576,-0.005361298962282157,-0.01773079286781542,-0.03635025430396637,0.0008149459890609938,-0.07053018479412668,-0.01874640866618869,-0.05178377612793798,-0.09478689727412781,-0.013338692318989797,-0.08592459144926391,-0.01720276845358657,-0.06872182299567733,-0.11216040110727236,-0.025078226088362868,-0.08481047569785745,-0.017581222539019767,-0.06722925315883768,-0.10704878746061568,-0.024503602304050413,-0.10159237264172061,-0.012954581859311093,-0.08863779078240952,-0.1694500545593754,-0.004957426247019459
window_1,validation,0.01,0.025,price_momentum_5d,short_interest_change,down_10pct_5d,514,26,488,10,97,0.38461538461538464,0.1987704918032787,0.18584489281210595,1.934972244250595,0.18584489281210595,-0.0028767339218158834,0.3884497162673389,-0.0192007310628915,-0.005822960704130652,-0.013377770358760848,-0.03268593529359287,0.005975340247639852,-0.07224528492305109,-0.01939783044804019,-0.052847454475010894,-0.10268726198162569,-0.006320504788161778,-0.0921209133757286,-0.017858400402114564,-0.07426251297361404,-0.1254097192751444,-0.023702105551830388,-0.088747812530305,-0.018335800437520235,-0.07041201209278478,-0.11596284633557298,-0.02606086694854722,-0.09435496228767337,-0.014611625311528497,-0.07974333697614487,-0.1826614401439649,0.01780165547917896
window_1,validation,0.01,0.01,price_momentum_5d,short_interest_change,down_10pct_5d,514,12,502,5,102,0.4166666666666667,0.20318725099601595,0.21347941567065074,2.0506535947712417,0.21347941567065074,,,-0.007835355914899167,-0.00646772820771344,-0.0013676277071857272,,,-0.04910497184240716,-0.02142481873413158,-0.027680153108275582,,,-0.07609404865030643,-0.02031257880517365,-0.05578146984513278,,,-0.06624210371810992,-0.02083746712087746,-0.045404636597232456,,,-0.052823713427563236,-0.017828321933017248,-0.03499539149454599,,
window_1,test,0.2,0.2,price_momentum_5d,short_interest_change,down_10pct_5d,6187,199,5988,22,365,0.11055276381909548,0.06095524382097529,0.0495975199981202,1.8136710952020376,0.0495975199981202,0.008223335280275794,0.09467555294844293,-0.001767085527952915,-5.86119507492931e-05,-0.0017084735772036218,-0.007795856276195449,0.004029595613365403,-0.004257716850046417,0.0005704948878832715,-0.0048282117379296885,-0.015251754527402966,0.005467994643313787,-0.012425373714569933,0.0013505069561821955,-0.013775880670752128,-0.026209197050792825,-0.0011805293476922056,-0.013526834646045106,0.004800834503243313,-0.01832766914928842,-0.036214468458479726,0.0006431177333892823,0.007978369145457137,0.008266113691585128,-0.0002877445461279913,-0.03007659392601381,0.03702590246908662
window_1,test,0.2,0.1,price_momentum_5d,short_interest_change,down_10pct_5d,6187,199,5988,22,365,0.11055276381909548,0.06095524382097529,0.0495975199981202,1.8136710952020376,0.0495975199981202,0.009198086289832602,0.09751494194418986,-0.001767085527952915,-5.86119507492931e-05,-0.0017084735772036218,-0.007821352278512826,0.0041797202950969135,-0.004257716850046417,0.0005704948878832715,-0.0048282117379296885,-0.015029415231935976,0.005406815938324508,-0.012425373714569933,0.0013505069561821955,-0.013775880670752128,-0.026243317507721232,-0.0006678863577572743,-0.013526834646045106,0.004800834503243313,-0.01832766914928842,-0.03553226411805901,0.0007548240627752768,0.007978369145457137,0.008266113691585128,-0.0002877445461279913,-0.03153082515639356,0.035146423216414355
window_1,test,0.2,0.05,price_momentum_5d,short_interest_change,down_10pct_5d,6187,195,5992,22,365,0.11282051282051282,0.060914552736982645,0.05190596008353018,1.8521109940288023,0.05190596008353018,0.009753282153983085,0.10140062818801135,-0.002232470387893477,-4.4607252254701036e-05,-0.002187863135638776,-0.008433543188097815,0.0037615052041682375,-0.005335536187564671,0.0006023476789153714,-0.005937883866480043,-0.016005979205528445,0.0046819804801311055,-0.013863653223349044,0.0013881172668512407,-0.015251770490200284,-0.0278874368013292,-0.0025295514575792866,-0.013479080395889645,0.004787045658887927,-0.018266126054777572,-0.036041467118319875,0.0011461749241522725,0.007813042923137219,0.008271301881699925,-0.0004582589585627062,-0.03230564559370867,0.03721578443443452
window_1,test,0.2,0.025,price_momentum_5d,short_interest_change,down_10pct_5d,6187,152,6035,19,368,0.125,0.06097763048881524,0.06402236951118476,2.049932065217391,0.06402236951118476,0.012333019011904233,0.1189808082239567,-0.0011476337461333497,-8.751914693241559e-05,-0.0010601145992009341,-0.008788235673122619,0.006191647643518099,-0.004285476256628455,0.0005335923987561426,-0.004819068655384598,-0.017816101864494567,0.007353025847455996,-0.012776794460392461,0.001252072749361926,-0.014028867209754388,-0.030208836717083177,0.0017725185236505774,-0.013037565468346377,0.004645777441929846,-0.017683342910276224,-0.04022372494533516,0.005707575454880406,0.02000697952116397,0.007960915220868395,0.012046064300295575,-0.025784907370013432,0.05596065666361248
window_1,test,0.2,0.01,price_momentum_5d,short_interest_change,down_10pct_5d,6187,88,6099,15,372,0.17045454545454544,0.06099360550909985,0.10946093994544559,2.7946297653958942,0.10946093994544559,0.03121077971053377,0.1919986883095587,-0.003021636471873364,-7.160425834145611e-05,-0.002950032213531908,-0.01382384319905409,0.007848646763350446,-0.009230029096769855,0.0005543663380884636,-0.009784395434858319,-0.030204668206351416,0.00921959928122328,-0.01628492132844136,0.001155477842486048,-0.01744039917092741,-0.041145740478996544,0.0074815322526034875,-0.02121347520491467,0.0045781837561715815,-0.025791658961086254,-0.05238693139422469,-0.00039936450405022076,0.02414013744775644,0.008027685218848198,0.01611245222890824,-0.04008555811261438,0.09288231253729752
window_1,test,0.1,0.2,price_momentum_5d,short_interest_change,down_10pct_5d,3175,127,3048,18,252,0.14173228346456693,0.08267716535433071,0.05905511811023621,1.7142857142857142,0.05905511811023621,0.0022965879265091915,0.12106299212598426,-0.0003538841549481645,-5.53936938273899e-05,-0.0002984904611207746,-0.009031623011488863,0.008122659733993128,-0.0022571652848031106,-0.0003061398977047901,-0.0019510253870983205,-0.01688636648761237,0.011981543387658573,-0.014427621697544805,0.000969237474432696,-0.0153968591719775,-0.034727659437453054,0.0034872139710748606,-0.018021587769342796,0.005538619401000566,-0.023560207170343364,-0.04956996099705589,0.00325175013951584,0.0058935219104998835,0.008326185550202486,-0.0024326636397026024,-0.045082511879797976,0.05066483989857547
window_1,test,0.1,0.1,price_momentum_5d,short_interest_change,down_10pct_5d,3175,127,3048,18,252,0.14173228346456693,0.08267716535433071,0.05905511811023621,1.7142857142857142,0.05905511811023621,-0.0013123359580052563,0.12139927821522306,-0.0003538841549481645,-5.53936938273899e-05,-0.0002984904611207746,-0.009027205027284808,0.007881348997724358,-0.0022571652848031106,-0.0003061398977047901,-0.0019510253870983205,-0.016682253294091388,0.012314351755683564,-0.014427621697544805,0.000969237474432696,-0.0153968591719775,-0.034091387244128725,0.003269013274984943,-0.018021587769342796,0.005538619401000566,-0.023560207170343364,-0.047795774785264256,0.005665386315724117,0.0058935219104998835,0.008326185550202486,-0.0024326636397026024,-0.044757525182135015,0.04964526031267451
window_1,test,0.1,0.05,price_momentum_5d,short_interest_change,down_10pct_5d,3175,123,3052,18,252,0.14634146341463414,0.08256880733944955,0.06377265607518459,1.7723577235772356,0.06377265607518459,0.003913200993084634,0.12921708009675106,-0.001045731652479797,-2.790244862689582e-05,-0.0010178292038529012,-0.009640401730209348,0.006967987040689719,-0.0039008446714298302,-0.00024245429383627976,-0.0036583903775935503,-0.018981994581464302,0.01003567128465955,-0.01677293467432388,0.0010435775987629435,-0.017816512273086824,-0.03623023875285043,0.0007415007866446193,-0.01809205064505723,0.005510580772242867,-0.0236026314173001,-0.051346279839683054,0.004655791434817884,0.0055636194528396144,0.008336292806995866,-0.002772673354156252,-0.04942009213073137,0.050835637077432085
window_1,test,0.1,0.025,price_momentum_5d,short_interest_change,down_10pct_5d,3175,98,3077,16,254,0.16326530612244897,0.08254793630159246,0.0807173698208565,1.97782420054636,0.0807173698208565,0.011233858184157643,0.15715015287883108,0.00019421331327638844,-7.566336404464966e-05,0.00026987667732103807,-0.009942641030734965,0.009802337059358807,-0.0028950432888968885,-0.0003042119457466044,-0.0025908313431502843,-0.020470206877051037,0.014627395327348958,-0.016849206508949062,0.0009012512526355783,-0.01775045776158464,-0.04020438840070971,0.004385919070859013,-0.015806931819520604,0.005246034971028992,-0.021052966790549597,-0.052869828987677774,0.014615446891110459,0.020699168513886142,0.007831710212963867,0.012867458300922275,-0.03767435584612203,0.07451242311164621
window_1,test,0.1,0.01,price_momentum_5d,short_interest_change,down_10pct_5d,3175,60,3115,13,257,0.21666666666666667,0.08250401284109149,0.13416265382557518,2.626134889753567,0.13416265382557518,0.03478865703584805,0.23994917067950772,-0.0029481259444403838,-1.1844529630137626e-05,-0.0029362814148102463,-0.01826461084947992,0.011205203913720728,-0.008008289000931233,-0.00023732810893044052,-0.007770960892000792,-0.03505363184356595,0.018972358074348137,-0.01922357537861737,0.0007304469949276758,-0.019954022373545044,-0.05197589513616432,0.0120589914643866,-0.029006481164665608,0.0052434539831213885,-0.034249935147787,-0.07006811841842497,0.0003543228878824986,0.024011129038814208,0.00792488702963782,0.01608624200917639,-0.056541733227197695,0.11460146801103258
window_1,test,0.05,0.2,price_momentum_5d,short_interest_change,down_10pct_5d,1635,75,1560,15,168,0.2,0.1076923076923077,0.09230769230769231,1.8571428571428572,0.09230769230769231,0.0028173076923076936,0.18322115384615378,-0.005605005732300971,0.0015072980746002067,-0.007112303806901178,-0.02051596440552016,0.005981423961426798,-0.014681119438371514,0.003706164828626966,-0.01838728426699848,-0.04029507493950435,0.003731746973380733,-0.024300707990041963,0.005336786919398771,-0.029637494909440735,-0.056408163564959916,-0.0025899581193236086,-0.02963014195850078,0.009334417385438163,-0.03896455934393894,-0.07492794596136329,0.004824137820463728,-0.0071564929045176496,0.01579423467562779,-0.02295072758014544,-0.0910537989040382,0.05956726183524427
window_1,test,0.05,0.1,price_momentum_5d,short_interest_change,down_10pct_5d,1635,75,1560,15,168,0.2,0.1076923076923077,0.09230769230769231,1.8571428571428572,0.09230769230769231,0.0053814102564102625,0.185,-0.005605005732300971,0.0015072980746002067,-0.007112303806901178,-0.020903151870222212,0.005279504166661954,-0.014681119438371514,0.003706164828626966,-0.01838728426699848,-0.04043548683359318,0.0013820767415871316,-0.024300707990041963,0.005336786919398771,-0.029637494909440735,-0.05502718321363078,-0.004519788929788077,-0.02963014195850078,0.009334417385438163,-0.03896455934393894,-0.07506400803518916,0.004762197130495747,-0.0071564929045176496,0.01579423467562779,-0.02295072758014544,-0.09016655120104519,0.05923387455871906
window_1,test,0.05,0.05,price_momentum_5d,short_interest_change,down_10pct_5d,1635,72,1563,15,168,0.20833333333333334,0.10748560460652591,0.10084772872680743,1.9382440476190477,0.10084772872680743,0.008557261676263597,0.19424717423757726,-0.006926235326058263,0.0015545096032821143,-0.008480744929340377,-0.021302370748948894,0.0040763534111602755,-0.01749609246145152,0.003800544998083631,-0.021296637459535153,-0.04279502069122977,0.0008477014907850856,-0.028390466119112865,0.005468296900566259,-0.033858763019679126,-0.06022841632586609,-0.007819824373303362,-0.029206383450107034,0.009240108818172542,-0.03844649226827958,-0.07660037781208372,0.008105021679058697,-0.005374054476870307,0.015668074887060263,-0.02104212936393057,-0.09053155678907641,0.06858312034094696
window_1,test,0.05,0.025,price_momentum_5d,short_interest_change,down_10pct_5d,1635,55,1580,13,170,0.23636363636363636,0.10759493670886076,0.1287686996547756,2.1967914438502674,0.1287686996547756,0.018227848101265806,0.24293872266973526,-0.004275051156401728,0.0013709730253518002,-0.005646024181753528,-0.022029973727977086,0.009378898362497655,-0.01849691169690626,0.0036062426063987654,-0.022103154303305027,-0.04848739695097241,0.005722404521868803,-0.02970502876878835,0.005149753846387527,-0.034854782615175876,-0.0665721345405056,-0.0035119683163078548,-0.02566624801714385,0.008703211465404363,-0.034369459482548215,-0.08228704791382507,0.02548244738156408,0.023640468970626414,0.01443167299541523,0.009208795975211183,-0.07673495927002676,0.11440877579793654
window_1,test,0.05,0.01,price_momentum_5d,short_interest_change,down_10pct_5d,1635,37,1598,11,172,0.2972972972972973,0.10763454317897372,0.1896627541183236,2.7620993086109364,0.1896627541183236,0.04701823224977168,0.34370243209417173,-0.010750200961726351,0.0014573010025266736,-0.012207501964253024,-0.03585529535754095,0.0106779483089672,-0.022462320195078118,0.0034490857459312228,-0.025911405941009342,-0.06670936021058217,0.017553283390373205,-0.03766099467210739,0.004941358759622595,-0.04260235343172998,-0.08735256846264096,0.0011611495500442345,-0.047970239641515165,0.008832496458780998,-0.05680273610029617,-0.10586119030331714,-0.008364094282331322,0.012756117196797624,0.014787417265243432,-0.002031300068445808,-0.11556406276002935,0.16217379141560306
window_1,test,0.025,0.2,price_momentum_5d,short_interest_change,down_10pct_5d,894,43,851,11,113,0.2558139534883721,0.13278495887191538,0.12302899461645672,1.9265280922000414,0.12302899461645672,-0.003825868335473992,0.25904476265952503,-0.01228225155236242,0.003109528094372864,-0.015391779646735285,-0.03592060566600283,0.006215665533358054,-0.03205615831684047,0.0057032148438720814,-0.03775937316071255,-0.0700422071357203,-0.007304592887898548,-0.044148051089021305,0.004106522217943057,-0.048254573306964366,-0.08550369583110345,-0.011453646488016216,-0.04638401033374567,0.01129721177554681,-0.05768122210929248,-0.11426552494823221,0.013418229700381652,-0.026031468662187206,0.016128176274876733,-0.042159644937063936,-0.1508498814122979,0.10436729578313782
window_1,test,0.025,0.1,price_momentum_5d,short_interest_change,down_10pct_5d,894,43,851,11,113,0.2558139534883721,0.13278495887191538,0.12302899461645672,1.9265280922000414,0.12302899461645672,-0.0071051840515945625,0.2555133495477277,-0.01228225155236242,0.003109528094372864,-0.015391779646735285,-0.03682447613990783,0.006424953167542251,-0.03205615831684047,0.0057032148438720814,-0.03775937316071255,-0.07096973951339221,-0.007063123827105058,-0.044148051089021305,0.004106522217943057,-0.048254573306964366,-0.08831102814297212,-0.011011157809110812,-0.04638401033374567,0.01129721177554681,-0.05768122210929248,-0.11803768609241272,0.010796645924723932,-0.026031468662187206,0.016128176274876733,-0.042159644937063936,-0.14894948009339912,0.10343942311600478
window_1,test,0.025,0.05,price_momentum_5d,short_interest_change,down_10pct_5d,894,40,854,11,113,0.275,0.1323185011709602,0.14268149882903983,2.0783185840707965,0.14268149882903983,0.004800936768149883,0.2829142271662763,-0.01516125825763015,0.003190306700076029,-0.01835156495770618,-0.04201830795018459,0.00318606700570774,-0.03842623767426965,0.005868935048573522,-0.04429517272284317,-0.07811645933609364,-0.012547675128026061,-0.05299816645377238,0.004351534975166887,-0.05734970142893927,-0.09742341338084917,-0.018254641752803516,-0.0468777851467803,0.011117712157506421,-0.05799549730428672,-0.11828064249056214,0.019135770467975297,-0.024238702674247214,0.015896104173789154,-0.04013480684803637,-0.15579007403025644,0.10386157228970984
window_1,test,0.025,0.025,price_momentum_5d,short_interest_change,down_10pct_5d,894,30,864,9,115,0.3,0.13310185185185186,0.16689814814814813,2.253913043478261,0.16689814814814813,0.01157407407407407,0.34976851851851853,-0.012685518883962467,0.0028919411551835616,-0.015577460039146028,-0.04433961935750396,0.009409273890766925,-0.04123022554061061,0.005453620128158935,-0.04668384566876954,-0.08865429274881485,-0.010838166563841423,-0.05980569355458013,0.00392413775148036,-0.0637298313060605,-0.11104661242774347,-0.015982379886934763,-0.042757023191882036,0.010303385963420984,-0.05306040915530302,-0.1323116074516119,0.04983048835904438,0.01882745106135552,0.01393622838611734,0.00489122267523818,-0.13909027609345423,0.1955897435820472
window_1,test,0.025,0.01,price_momentum_5d,short_interest_change,down_10pct_5d,894,20,874,8,116,0.4,0.13272311212814644,0.26727688787185355,3.0137931034482763,0.26727688787185355,0.05697940503432494,0.4810354691075513,-0.020311618093117746,0.00288821962634105,-0.023199837719458796,-0.06553235449111464,0.01782856343839808,-0.05243940267613055,0.005175982926811915,-0.057615385602942465,-0.11883845160587608,-0.004240037534760896,-0.07761123439972492,0.003602412927501285,-0.0812136473272262,-0.15116778030698333,-0.014709350359058073,-0.0814980394428786,0.010582809571506684,-0.09208084901438529,-0.15952562068714551,-0.025579852060282234,0.018568032743526277,0.01399812837823286,0.004569904365293417,-0.18291230867833708,0.2779938045887234
window_1,test,0.01,0.2,price_momentum_5d,short_interest_change,down_10pct_5d,494,21,473,8,76,0.38095238095238093,0.160676532769556,0.22027584818282492,2.3709273182957395,0.22027584818282492,0.008658008658008642,0.4192086982784657,-0.024112422059306294,0.00490625602053587,-0.029018678079842163,-0.06680276531500998,0.006724613281178019,-0.04887994353770877,0.0055327483980862156,-0.05441269193579498,-0.11235130557829477,-0.0010207886316990597,-0.08791789113834649,0.007288374416322036,-0.09520626555466852,-0.15364094098103617,-0.03443339199772218,-0.12759836303477912,0.01292112925259507,-0.14051949228737418,-0.20256263233511904,-0.07821097704807356,-0.052995269442412916,0.006878368043710715,-0.059873637486123635,-0.2719319448351235,0.24129020576700327
window_1,test,0.01,0.1,price_momentum_5d,short_interest_change,down_10pct_5d,494,21,473,8,76,0.38095238095238093,0.160676532769556,0.22027584818282492,2.3709273182957395,0.22027584818282492,0.025518473774287714,0.4297795228027786,-0.024112422059306294,0.00490625602053587,-0.029018678079842163,-0.06970154945910068,0.008697782772823794,-0.04887994353770877,0.0055327483980862156,-0.05441269193579498,-0.11483815761061683,-0.0025015982979995368,-0.08791789113834649,0.007288374416322036,-0.09520626555466852,-0.15711445151244344,-0.037241943467482344,-0.12759836303477912,0.01292112925259507,-0.14051949228737418,-0.20365905756281433,-0.08278959810777445,-0.052995269442412916,0.006878368043710715,-0.059873637486123635,-0.25831158658185105,0.22438551950947289
window_1,test,0.01,0.05,price_momentum_5d,short_interest_change,down_10pct_5d,494,20,474,8,76,0.4,0.16033755274261605,0.23966244725738398,2.494736842105263,0.23966244725738398,0.03122362869198314,0.474947257383966,-0.023992635249106557,0.0048399808849159615,-0.028832616134022517,-0.07036477601809961,0.011036310053803471,-0.05388335548632526,0.005629068117572577,-0.059512423603897836,-0.12010524390702354,-0.004391368585795435,-0.0916739347264922,0.007246000167816224,-0.09891993489430842,-0.1628313628108044,-0.04101475713057729,-0.129453602084528,0.012702954756197612,-0.14215655684072562,-0.20962783175544777,-0.07977143202596822,-0.05157739177547247,0.006692226290915497,-0.05826961806638797,-0.26074502572380653,0.2424471902576237
window_1,test,0.01,0.025,price_momentum_5d,short_interest_change,down_10pct_5d,494,15,479,6,78,0.4,0.162839248434238,0.23716075156576202,2.4564102564102566,0.23716075156576202,,,-0.0210323988436994,0.004446313605685858,-0.02547871244938526,,,-0.05780007046606508,0.005130505709799309,-0.06293057617586438,,,-0.09759863027305792,0.006398966261191889,-0.10399759653424981,,,-0.13347236587007588,0.011344914406676926,-0.1448172802767528,,,0.015663177457647923,0.0039783293622542345,0.011684848095393689,,
window_1,test,0.01,0.01,price_momentum_5d,short_interest_change,down_10pct_5d,494,8,486,5,79,0.625,0.16255144032921812,0.4624485596707819,3.844936708860759,0.4624485596707819,,,-0.04419096343068012,0.0044605472055832835,-0.048651510636263405,,,-0.09093378630672089,0.0047695091943552705,-0.09570329550107616,,,-0.1459337004331214,0.005696697507160529,-0.15163039794028194,,,-0.15593487255464525,0.009628822002436773,-0.16556369455708203,,,0.0968504735300478,0.00281021324721011,0.0940402602828377,,
window_2,validation,0.2,0.2,price_momentum_5d,short_interest_change,down_10pct_5d,6187,199,5988,22,365,0.11055276381909548,0.06095524382097529,0.0495975199981202,1.8136710952020376,0.0495975199981202,0.008890960312584972,0.09732866067142662,-0.001767085527952915,-5.86119507492931e-05,-0.0017084735772036218,-0.007598044435151447,0.004402447978579597,-0.004257716850046417,0.0005704948878832715,-0.0048282117379296885,-0.01530070461859785,0.005728672704706759,-0.012425373714569933,0.0013505069561821955,-0.013775880670752128,-0.025684294423886315,-0.00033805942444348295,-0.013526834646045106,0.004800834503243313,-0.01832766914928842,-0.03588642648786486,0.00017079488714260487,0.007978369145457137,0.008266113691585128,-0.0002877445461279913,-0.030280034623773933,0.034214227193067125
window_2,validation,0.2,0.1,price_momentum_5d,short_interest_change,down_10pct_5d,6187,199,5988,22,365,0.11055276381909548,0.06095524382097529,0.0495975199981202,1.8136710952020376,0.0495975199981202,0.008037431647214035,0.09531372208403403,-0.001767085527952915,-5.86119507492931e-05,-0.0017084735772036218,-0.0075993535136095565,0.0039269363923041855,-0.004257716850046417,0.0005704948878832715,-0.0048282117379296885,-0.015414129405446089,0.005488936725114305,-0.012425373714569933,0.0013505069561821955,-0.013775880670752128,-0.026516423186405756,-0.0006961030841374109,-0.013526834646045106,0.004800834503243313,-0.01832766914928842,-0.03676655814010323,0.00020169041727154444,0.007978369145457137,0.008266113691585128,-0.0002877445461279913,-0.029220744248199246,0.03524785539041053
window_2,validation,0.2,0.05,price_momentum_5d,short_interest_change,down_10pct_5d,6187,195,5992,22,365,0.11282051282051282,0.060914552736982645,0.05190596008353018,1.8521109940288023,0.05190596008353018,0.009756320393002633,0.09802392506247641,-0.002232470387893477,-4.4607252254701036e-05,-0.002187863135638776,-0.008154072586840293,0.0035485538825899645,-0.005335536187564671,0.0006023476789153714,-0.005937883866480043,-0.016470824504921586,0.004290265792605772,-0.013863653223349044,0.0013881172668512407,-0.015251770490200284,-0.02851554364879288,-0.0030967706687365327,-0.013479080395889645,0.004787045658887927,-0.018266126054777572,-0.036619459415754445,0.0011685613244877494,0.007813042923137219,0.008271301881699925,-0.0004582589585627062,-0.030749263526213107,0.03520331059020724
window_2,validation,0.2,0.025,price_momentum_5d,short_interest_change,down_10pct_5d,6187,152,6035,19,368,0.125,0.06097763048881524,0.06402236951118476,2.049932065217391,0.06402236951118476,0.013370906553874332,0.11599529062922423,-0.0011476337461333497,-8.751914693241559e-05,-0.0010601145992009341,-0.007813485608895464,0.005994654302985036,-0.004285476256628455,0.0005335923987561426,-0.004819068655384598,-0.017783816895792982,0.007404487125329706,-0.012776794460392461,0.001252072749361926,-0.014028867209754388,-0.029165403294767633,0.002317910040878078,-0.013037565468346377,0.004645777441929846,-0.017683342910276224,-0.03939834081230318,0.004983015772246121,0.02000697952116397,0.007960915220868395,0.012046064300295575,-0.02608858783161483,0.055114372885228746
window_2,validation,0.2,0.01,price_momentum_5d,short_interest_change,down_10pct_5d,6187,88,6099,15,372,0.17045454545454544,0.06099360550909985,0.10946093994544559,2.7946297653958942,0.10946093994544559,0.03482328511380405,0.19310542711919987,-0.003021636471873364,-7.160425834145611e-05,-0.002950032213531908,-0.014012050886411706,0.007398461571093042,-0.009230029096769855,0.0005543663380884636,-0.009784395434858319,-0.02962755757620378,0.009503264582274422,-0.01628492132844136,0.001155477842486048,-0.01744039917092741,-0.04096989908544296,0.006472114398654068,-0.02121347520491467,0.0045781837561715815,-0.025791658961086254,-0.05243788604288723,-0.0006927888044262139,0.02414013744775644,0.008027685218848198,0.01611245222890824,-0.04024910723503925,0.08838337821065824
window_2,validation,0.1,0.2,price_momentum_5d,short_interest_change,down_10pct_5d,3175,127,3048,18,252,0.14173228346456693,0.08267716535433071,0.05905511811023621,1.7142857142857142,0.05905511811023621,-0.0013123359580052563,0.12434383202099737,-0.0003538841549481645,-5.53936938273899e-05,-0.0002984904611207746,-0.009065156201575322,0.007570071486857979,-0.0022571652848031106,-0.0003061398977047901,-0.0019510253870983205,-0.015983334666898687,0.011847192562031896,-0.014427621697544805,0.000969237474432696,-0.0153968591719775,-0.03396626274869479,0.0015382012174385046,-0.018021587769342796,0.005538619401000566,-0.023560207170343364,-0.04762432144206428,0.006105723711617865,0.0058935219104998835,0.008326185550202486,-0.0024326636397026024,-0.04421381659928386,0.053122949896662816
window_2,validation,0.1,0.1,price_momentum_5d,short_interest_change,down_10pct_5d,3175,127,3048,18,252,0.14173228346456693,0.08267716535433071,0.05905511811023621,1.7142857142857142,0.05905511811023621,0.003280839895013127,0.12368766404199474,-0.0003538841549481645,-5.53936938273899e-05,-0.0002984904611207746,-0.008893560790802703,0.008021608165986474,-0.0022571652848031106,-0.0003061398977047901,-0.0019510253870983205,-0.016784901968700933,0.012758471030838978,-0.014427621697544805,0.000969237474432696,-0.0153968591719775,-0.03283983951413956,0.004142898707434665,-0.018021587769342796,0.005538619401000566,-0.023560207170343364,-0.04910873292796064,0.005001855901459667,0.0058935219104998835,0.008326185550202486,-0.0024326636397026024,-0.045493513139327445,0.05012325073006667
window_2,validation,0.1,0.05,price_momentum_5d,short_interest_change,down_10pct_5d,3175,123,3052,18,252,0.14634146341463414,0.08256880733944955,0.06377265607518459,1.7723577235772356,0.06377265607518459,0.003319161631983286,0.1307792304659613,-0.001045731652479797,-2.790244862689582e-05,-0.0010178292038529012,-0.00979336165330376,0.007400731447330317,-0.0039008446714298302,-0.00024245429383627976,-0.0036583903775935503,-0.01836849443417262,0.0108136483832513,-0.01677293467432388,0.0010435775987629435,-0.017816512273086824,-0.036464837377604774,0.001519119321137823,-0.01809205064505723,0.005510580772242867,-0.0236026314173001,-0.048672854184863945,0.005457708131630034,0.0055636194528396144,0.008336292806995866,-0.002772673354156252,-0.04738425200127005,0.049560597086563296
window_2,validation,0.1,0.025,price_momentum_5d,short_interest_change,down_10pct_5d,3175,98,3077,16,254,0.16326530612244897,0.08254793630159246,0.0807173698208565,1.97782420054636,0.0807173698208565,0.010583874433751413,0.15169484921040238,0.00019421331327638844,-7.566336404464966e-05,0.00026987667732103807,-0.009976331343577652,0.009777063003599139,-0.0028950432888968885,-0.0003042119457466044,-0.0025908313431502843,-0.0199696577152631,0.015516791787490807,-0.016849206508949062,0.0009012512526355783,-0.01775045776158464,-0.039535526346834896,0.004313683108467343,-0.015806931819520604,0.005246034971028992,-0.021052966790549597,-0.053628707614431344,0.011324414260428722,0.020699168513886142,0.007831710212963867,0.012867458300922275,-0.040954374245952135,0.07989477548097648
window_2,validation,0.1,0.01,price_momentum_5d,short_interest_change,down_10pct_5d,3175,60,3115,13,257,0.21666666666666667,0.08250401284109149,0.13416265382557518,2.626134889753567,0.13416265382557518,0.032541466024612095,0.23964419475655419,-0.0029481259444403838,-1.1844529630137626e-05,-0.0029362814148102463,-0.019031081629656946,0.01153619696349802,-0.008008289000931233,-0.00023732810893044052,-0.007770960892000792,-0.03387985061303369,0.017461534050760594,-0.01922357537861737,0.0007304469949276758,-0.019954022373545044,-0.05440778174166744,0.01325039354934059,-0.029006481164665608,0.0052434539831213885,-0.034249935147787,-0.07019177576586476,0.0019308894821454836,0.024011129038814208,0.00792488702963782,0.01608624200917639,-0.059158759693790926,0.11940177148726334
window_2,validation,0.05,0.2,price_momentum_5d,short_interest_change,down_10pct_5d,1635,75,1560,15,168,0.2,0.1076923076923077,0.09230769230769231,1.8571428571428572,0.09230769230769231,0.0028173076923076936,0.18756410256410255,-0.005605005732300971,0.0015072980746002067,-0.007112303806901178,-0.020356133375373127,0.005447681584417223,-0.014681119438371514,0.003706164828626966,-0.01838728426699848,-0.040649615742588796,0.004686580635641396,-0.024300707990041963,0.005336786919398771,-0.029637494909440735,-0.056126510383947927,-0.004828961536967244,-0.02963014195850078,0.009334417385438163,-0.03896455934393894,-0.07749450696052358,0.006348019170390732,-0.0071564929045176496,0.01579423467562779,-0.02295072758014544,-0.08772266168237046,0.05921984810188673
window_2,validation,0.05,0.1,price_momentum_5d,short_interest_change,down_10pct_5d,1635,75,1560,15,168,0.2,0.1076923076923077,0.09230769230769231,1.8571428571428572,0.09230769230769231,0.007817307692307684,0.18372115384615384,-0.005605005732300971,0.0015072980746002067,-0.007112303806901178,-0.02040024847226642,0.005741439571492539,-0.014681119438371514,0.003706164828626966,-0.01838728426699848,-0.04169202833364525,0.0029865570900320542,-0.024300707990041963,0.005336786919398771,-0.029637494909440735,-0.055695538316072525,-0.004875048258776493,-0.02963014195850078,0.009334417385438163,-0.03896455934393894,-0.07825772053798892,0.00563104627379469,-0.0071564929045176496,0.01579423467562779,-0.02295072758014544,-0.08948816281380707,0.05748277389157247
window_2,validation,0.05,0.05,price_momentum_5d,short_interest_change,down_10pct_5d,1635,72,1563,15,168,0.20833333333333334,0.10748560460652591,0.10084772872680743,1.9382440476190477,0.10084772872680743,0.011298384516954574,0.19551076988696953,-0.006926235326058263,0.0015545096032821143,-0.008480744929340377,-0.0229707991376585,0.004441212952087771,-0.01749609246145152,0.003800544998083631,-0.021296637459535153,-0.044042847881143266,0.0007402267546163835,-0.028390466119112865,0.005468296900566259,-0.033858763019679126,-0.06070494095842703,-0.008200916704690121,-0.029206383450107034,0.009240108818172542,-0.03844649226827958,-0.07867198732118637,0.0075414777512503575,-0.005374054476870307,0.015668074887060263,-0.02104212936393057,-0.09147650864855761,0.06411782553589852
window_2,validation,0.05,0.025,price_momentum_5d,short_interest_change,down_10pct_5d,1635,55,1580,13,170,0.23636363636363636,0.10759493670886076,0.1287686996547756,2.1967914438502674,0.1287686996547756,0.023475258918296882,0.24168440736478697,-0.004275051156401728,0.0013709730253518002,-0.005646024181753528,-0.022480778788637273,0.009521326002870175,-0.01849691169690626,0.0036062426063987654,-0.022103154303305027,-0.05056430697457004,0.005434034654408228,-0.02970502876878835,0.005149753846387527,-0.034854782615175876,-0.0689362799835257,-0.0025958020567431296,-0.02566624801714385,0.008703211465404363,-0.034369459482548215,-0.08273134392571889,0.020297662602214512,0.023640468970626414,0.01443167299541523,0.009208795975211183,-0.07646195019073042,0.11082048834860626
window_2,validation,0.05,0.01,price_momentum_5d,short_interest_change,down_10pct_5d,1635,37,1598,11,172,0.2972972972972973,0.10763454317897372,0.1896627541183236,2.7620993086109364,0.1896627541183236,0.05200884551635491,0.34433117410276354,-0.010750200961726351,0.0014573010025266736,-0.012207501964253024,-0.03641481666521318,0.008680092303402845,-0.022462320195078118,0.0034490857459312228,-0.025911405941009342,-0.06514802447661502,0.013635941758617875,-0.03766099467210739,0.004941358759622595,-0.04260235343172998,-0.08563586064516475,0.004441835463787047,-0.047970239641515165,0.008832496458780998,-0.05680273610029617,-0.1050824047289637,-0.007567826513012231,0.012756117196797624,0.014787417265243432,-0.002031300068445808,-0.11761282223258329,0.14683278045355372
window_2,validation,0.025,0.2,price_momentum_5d,short_interest_change,down_10pct_5d,894,43,851,11,113,0.2558139534883721,0.13278495887191538,0.12302899461645672,1.9265280922000414,0.12302899461645672,-0.0024109802421228084,0.2625638783373869,-0.01228225155236242,0.003109528094372864,-0.015391779646735285,-0.03715851067500465,0.004620730708526585,-0.03205615831684047,0.0057032148438720814,-0.03775937316071255,-0.0700045535566084,-0.0077121927262680835,-0.044148051089021305,0.004106522217943057,-0.048254573306964366,-0.0867494989341054,-0.012149065765084233,-0.04638401033374567,0.01129721177554681,-0.05768122210929248,-0.115819854319257,0.012035505226147936,-0.026031468662187206,0.016128176274876733,-0.042159644937063936,-0.1525681856923214,0.08984495177895249
window_2,validation,0.025,0.1,price_momentum_5d,short_interest_change,down_10pct_5d,894,43,851,11,113,0.2558139534883721,0.13278495887191538,0.12302899461645672,1.9265280922000414,0.12302899461645672,-0.0024109802421228084,0.25578252671275914,-0.01228225155236242,0.003109528094372864,-0.015391779646735285,-0.03733067429113858,0.004562846458012982,-0.03205615831684047,0.0057032148438720814,-0.03775937316071255,-0.07033269956083997,-0.006830861243296363,-0.044148051089021305,0.004106522217943057,-0.048254573306964366,-0.0895298465567378,-0.008667344650637891,-0.04638401033374567,0.01129721177554681,-0.05768122210929248,-0.11467718679330294,0.015566734682973139,-0.026031468662187206,0.016128176274876733,-0.042159644937063936,-0.15330597933448356,0.10195188964865641
window_2,validation,0.025,0.05,price_momentum_5d,short_interest_change,down_10pct_5d,894,40,854,11,113,0.275,0.1323185011709602,0.14268149882903983,2.0783185840707965,0.14268149882903983,0.010197599531615925,0.28525614754098355,-0.01516125825763015,0.003190306700076029,-0.01835156495770618,-0.04170706625179472,0.0030261669330289326,-0.03842623767426965,0.005868935048573522,-0.04429517272284317,-0.0767946407234246,-0.013645276717901772,-0.05299816645377238,0.004351534975166887,-0.05734970142893927,-0.09780841289463273,-0.020713997645321565,-0.0468777851467803,0.011117712157506421,-0.05799549730428672,-0.1178331682939106,0.02376989737792588,-0.024238702674247214,0.015896104173789154,-0.04013480684803637,-0.15209876819442592,0.11526387670736671
window_2,validation,0.025,0.025,price_momentum_5d,short_interest_change,down_10pct_5d,894,30,864,9,115,0.3,0.13310185185185186,0.16689814814814813,2.253913043478261,0.16689814814814813,0.003703703703703709,0.33796875,-0.012685518883962467,0.0028919411551835616,-0.015577460039146028,-0.044113387761660364,0.01206157431421409,-0.04123022554061061,0.005453620128158935,-0.04668384566876954,-0.08817126261333705,-0.006493629483332446,-0.05980569355458013,0.00392413775148036,-0.0637298313060605,-0.11642153331580293,-0.014932805650464228,-0.042757023191882036,0.010303385963420984,-0.05306040915530302,-0.13037064252557484,0.04264087603530815,0.01882745106135552,0.01393622838611734,0.00489122267523818,-0.1394636730007594,0.20867716358983737
window_2,validation,0.025,0.01,price_momentum_5d,short_interest_change,down_10pct_5d,894,20,874,8,116,0.4,0.13272311212814644,0.26727688787185355,3.0137931034482763,0.26727688787185355,0.06032608695652176,0.47871853546910753,-0.020311618093117746,0.00288821962634105,-0.023199837719458796,-0.06767677805113685,0.013654900742429567,-0.05243940267613055,0.005175982926811915,-0.057615385602942465,-0.11821315556720463,-0.0031250077835288798,-0.07761123439972492,0.003602412927501285,-0.0812136473272262,-0.14750786962387244,-0.014006342848186547,-0.0814980394428786,0.010582809571506684,-0.09208084901438529,-0.16251039632687472,-0.02902225832933927,0.018568032743526277,0.01399812837823286,0.004569904365293417,-0.19079648028696658,0.27653494404276413
window_2,validation,0.01,0.2,price_momentum_5d,short_interest_change,down_10pct_5d,494,21,473,8,76,0.38095238095238093,0.160676532769556,0.22027584818282492,2.3709273182957395,0.22027584818282492,0.012833484345112231,0.42766535789791604,-0.024112422059306294,0.00490625602053587,-0.029018678079842163,-0.06979596090942353,0.00823569117605155,-0.04887994353770877,0.0055327483980862156,-0.05441269193579498,-0.11252274909731338,0.0005013410535282036,-0.08791789113834649,0.007288374416322036,-0.09520626555466852,-0.15686111619570942,-0.03342888707587937,-0.12759836303477912,0.01292112925259507,-0.14051949228737418,-0.2010345240509461,-0.08068823793583416,-0.052995269442412916,0.006878368043710715,-0.059873637486123635,-0.26219343595224937,0.22426854609009264
window_2,validation,0.01,0.1,price_momentum_5d,short_interest_change,down_10pct_5d,494,21,473,8,76,0.38095238095238093,0.160676532769556,0.22027584818282492,2.3709273182957395,0.22027584818282492,0.019228833182321547,0.4456860968488876,-0.024112422059306294,0.00490625602053587,-0.029018678079842163,-0.06788103948086475,0.007817847697120413,-0.04887994353770877,0.0055327483980862156,-0.05441269193579498,-0.11531325021117284,-0.0007800324008033501,-0.08791789113834649,0.007288374416322036,-0.09520626555466852,-0.15712539958356447,-0.03323143327597331,-0.12759836303477912,0.01292112925259507,-0.14051949228737418,-0.20412392646279667,-0.07878998186435147,-0.052995269442412916,0.006878368043710715,-0.059873637486123635,-0.2594656471325854,0.22079736358867014
window_2,validation,0.01,0.05,price_momentum_5d,short_interest_change,down_10pct_5d,494,20,474,8,76,0.4,0.16033755274261605,0.23966244725738398,2.494736842105263,0.23966244725738398,0.033333333333333354,0.4650158227848099,-0.023992635249106557,0.0048399808849159615,-0.028832616134022517,-0.06908971369766867,0.009130050164830733,-0.05388335548632526,0.005629068117572577,-0.059512423603897836,-0.11615210745683656,-0.002529910952020074,-0.0916739347264922,0.007246000167816224,-0.09891993489430842,-0.16232125812123938,-0.037315642461084576,-0.129453602084528,0.012702954756197612,-0.14215655684072562,-0.2050225676847521,-0.08354123731814328,-0.05157739177547247,0.006692226290915497,-0.05826961806638797,-0.2671929706564526,0.24189435463852743
window_2,validation,0.01,0.025,price_momentum_5d,short_interest_change,down_10pct_5d,494,15,479,6,78,0.4,0.162839248434238,0.23716075156576202,2.4564102564102566,0.23716075156576202,,,-0.0210323988436994,0.004446313605685858,-0.02547871244938526,,,-0.05780007046606508,0.005130505709799309,-0.06293057617586438,,,-0.09759863027305792,0.006398966261191889,-0.10399759653424981,,,-0.13347236587007588,0.011344914406676926,-0.1448172802767528,,,0.015663177457647923,0.0039783293622542345,0.011684848095393689,,
window_2,validation,0.01,0.01,price_momentum_5d,short_interest_change,down_10pct_5d,494,8,486,5,79,0.625,0.16255144032921812,0.4624485596707819,3.844936708860759,0.4624485596707819,,,-0.04419096343068012,0.0044605472055832835,-0.048651510636263405,,,-0.09093378630672089,0.0047695091943552705,-0.09570329550107616,,,-0.1459337004331214,0.005696697507160529,-0.15163039794028194,,,-0.15593487255464525,0.009628822002436773,-0.16556369455708203,,,0.0968504735300478,0.00281021324721011,0.0940402602828377,,
window_2,test,0.2,0.2,price_momentum_5d,short_interest_change,down_10pct_5d,0,0,0,0,0,,,,,,,,,,,,,,,,,,,,,,,,,,,,,,,,
window_2,test,0.2,0.1,price_momentum_5d,short_interest_change,down_10pct_5d,0,0,0,0,0,,,,,,,,,,,,,,,,,,,,,,,,,,,,,,,,
window_2,test,0.2,0.05,price_momentum_5d,short_interest_change,down_10pct_5d,0,0,0,0,0,,,,,,,,,,,,,,,,,,,,,,,,,,,,,,,,
window_2,test,0.2,0.025,price_momentum_5d,short_interest_change,down_10pct_5d,0,0,0,0,0,,,,,,,,,,,,,,,,,,,,,,,,,,,,,,,,
window_2,test,0.2,0.01,price_momentum_5d,short_interest_change,down_10pct_5d,0,0,0,0,0,,,,,,,,,,,,,,,,,,,,,,,,,,,,,,,,
window_2,test,0.1,0.2,price_momentum_5d,short_interest_change,down_10pct_5d,0,0,0,0,0,,,,,,,,,,,,,,,,,,,,,,,,,,,,,,,,
window_2,test,0.1,0.1,price_momentum_5d,short_interest_change,down_10pct_5d,0,0,0,0,0,,,,,,,,,,,,,,,,,,,,,,,,,,,,,,,,
window_2,test,0.1,0.05,price_momentum_5d,short_interest_change,down_10pct_5d,0,0,0,0,0,,,,,,,,,,,,,,,,,,,,,,,,,,,,,,,,
window_2,test,0.1,0.025,price_momentum_5d,short_interest_change,down_10pct_5d,0,0,0,0,0,,,,,,,,,,,,,,,,,,,,,,,,,,,,,,,,
window_2,test,0.1,0.01,price_momentum_5d,short_interest_change,down_10pct_5d,0,0,0,0,0,,,,,,,,,,,,,,,,,,,,,,,,,,,,,,,,
window_2,test,0.05,0.2,price_momentum_5d,short_interest_change,down_10pct_5d,0,0,0,0,0,,,,,,,,,,,,,,,,,,,,,,,,,,,,,,,,
window_2,test,0.05,0.1,price_momentum_5d,short_interest_change,down_10pct_5d,0,0,0,0,0,,,,,,,,,,,,,,,,,,,,,,,,,,,,,,,,
window_2,test,0.05,0.05,price_momentum_5d,short_interest_change,down_10pct_5d,0,0,0,0,0,,,,,,,,,,,,,,,,,,,,,,,,,,,,,,,,
window_2,test,0.05,0.025,price_momentum_5d,short_interest_change,down_10pct_5d,0,0,0,0,0,,,,,,,,,,,,,,,,,,,,,,,,,,,,,,,,
window_2,test,0.05,0.01,price_momentum_5d,short_interest_change,down_10pct_5d,0,0,0,0,0,,,,,,,,,,,,,,,,,,,,,,,,,,,,,,,,
window_2,test,0.025,0.2,price_momentum_5d,short_interest_change,down_10pct_5d,0,0,0,0,0,,,,,,,,,,,,,,,,,,,,,,,,,,,,,,,,
window_2,test,0.025,0.1,price_momentum_5d,short_interest_change,down_10pct_5d,0,0,0,0,0,,,,,,,,,,,,,,,,,,,,,,,,,,,,,,,,
window_2,test,0.025,0.05,price_momentum_5d,short_interest_change,down_10pct_5d,0,0,0,0,0,,,,,,,,,,,,,,,,,,,,,,,,,,,,,,,,
window_2,test,0.025,0.025,price_momentum_5d,short_interest_change,down_10pct_5d,0,0,0,0,0,,,,,,,,,,,,,,,,,,,,,,,,,,,,,,,,
window_2,test,0.025,0.01,price_momentum_5d,short_interest_change,down_10pct_5d,0,0,0,0,0,,,,,,,,,,,,,,,,,,,,,,,,,,,,,,,,
window_2,test,0.01,0.2,price_momentum_5d,short_interest_change,down_10pct_5d,0,0,0,0,0,,,,,,,,,,,,,,,,,,,,,,,,,,,,,,,,
window_2,test,0.01,0.1,price_momentum_5d,short_interest_change,down_10pct_5d,0,0,0,0,0,,,,,,,,,,,,,,,,,,,,,,,,,,,,,,,,
window_2,test,0.01,0.05,price_momentum_5d,short_interest_change,down_10pct_5d,0,0,0,0,0,,,,,,,,,,,,,,,,,,,,,,,,,,,,,,,,
window_2,test,0.01,0.025,price_momentum_5d,short_interest_change,down_10pct_5d,0,0,0,0,0,,,,,,,,,,,,,,,,,,,,,,,,,,,,,,,,
window_2,test,0.01,0.01,price_momentum_5d,short_interest_change,down_10pct_5d,0,0,0,0,0,,,,,,,,,,,,,,,,,,,,,,,,,,,,,,,,
