split,evaluation,prior_return_tail,si_tail,prior_return_signal,si_signal,target,high_momentum_high_si_n,high_momentum_other_si_n,other_momentum_high_si_n,other_momentum_other_si_n,high_momentum_high_si_events,high_momentum_other_si_events,other_momentum_high_si_events,other_momentum_other_si_events,high_momentum_high_si_event_rate,high_momentum_other_si_event_rate,other_momentum_high_si_event_rate,other_momentum_other_si_event_rate,high_momentum_si_event_effect,other_momentum_si_event_effect,event_rate_interaction,high_momentum_high_si_mean_return_1d,high_momentum_other_si_mean_return_1d,other_momentum_high_si_mean_return_1d,other_momentum_other_si_mean_return_1d,high_momentum_si_return_effect_1d,other_momentum_si_return_effect_1d,return_interaction_1d,high_momentum_high_si_mean_return_3d,high_momentum_other_si_mean_return_3d,other_momentum_high_si_mean_return_3d,other_momentum_other_si_mean_return_3d,high_momentum_si_return_effect_3d,other_momentum_si_return_effect_3d,return_interaction_3d,high_momentum_high_si_mean_return_5d,high_momentum_other_si_mean_return_5d,other_momentum_high_si_mean_return_5d,other_momentum_other_si_mean_return_5d,high_momentum_si_return_effect_5d,other_momentum_si_return_effect_5d,return_interaction_5d,high_momentum_high_si_mean_return_10d,high_momentum_other_si_mean_return_10d,other_momentum_high_si_mean_return_10d,other_momentum_other_si_mean_return_10d,high_momentum_si_return_effect_10d,other_momentum_si_return_effect_10d,return_interaction_10d,high_momentum_high_si_mean_return_20d,high_momentum_other_si_mean_return_20d,other_momentum_high_si_mean_return_20d,other_momentum_other_si_mean_return_20d,high_momentum_si_return_effect_20d,other_momentum_si_return_effect_20d,return_interaction_20d
window_1,validation,0.2,0.2,price_momentum_5d,short_interest_change,down_10pct_5d,228,5567,661,21789,18,349,40,598,0.07894736842105263,0.06269085683492007,0.060514372163388806,0.02744504107577218,0.01625651158613256,0.03306933108761663,-0.01681281950148407,-0.005339895864399157,-0.0004991953723287398,0.0011585315720146305,0.0006060856840189718,-0.004840700492070417,0.0005524458879956587,-0.0053931463800660755,-0.005556198061927245,-0.0010080366881720464,0.0036280761825354772,0.0017737733983923013,-0.004548161373755198,0.001854302784143176,-0.006402464157898374,-0.002917009600488701,-0.0010709904145885288,0.009309406724279875,0.002378541635533091,-0.001846019185900172,0.006930865088746784,-0.008776884274646957,-0.0028093420251951583,-0.0016728455922798318,0.01256176164945069,0.00431035897873574,-0.0011364964329153265,0.00825140267071495,-0.009387899103630276,-0.00092830220002156,0.0025271180435864284,0.019556625146368387,0.009515490384945246,-0.0034554202436079882,0.010041134761423142,-0.01349655500503113
window_1,validation,0.2,0.1,price_momentum_5d,short_interest_change,down_10pct_5d,228,5567,661,21789,18,349,40,598,0.07894736842105263,0.06269085683492007,0.060514372163388806,0.02744504107577218,0.01625651158613256,0.03306933108761663,-0.01681281950148407,-0.005339895864399157,-0.0004991953723287398,0.0011585315720146305,0.0006060856840189718,-0.004840700492070417,0.0005524458879956587,-0.0053931463800660755,-0.005556198061927245,-0.0010080366881720464,0.0036280761825354772,0.0017737733983923013,-0.004548161373755198,0.001854302784143176,-0.006402464157898374,-0.002917009600488701,-0.0010709904145885288,0.009309406724279875,0.002378541635533091,-0.001846019185900172,0.006930865088746784,-0.008776884274646957,-0.0028093420251951583,-0.0016728455922798318,0.01256176164945069,0.00431035897873574,-0.0011364964329153265,0.00825140267071495,-0.009387899103630276,-0.00092830220002156,0.0025271180435864284,0.019556625146368387,0.009515490384945246,-0.0034554202436079882,0.010041134761423142,-0.01349655500503113
window_1,validation,0.2,0.05,price_momentum_5d,short_interest_change,down_10pct_5d,226,5569,655,21795,18,349,38,600,0.07964601769911504,0.06266834261088167,0.05801526717557252,0.02752924982794219,0.016977675088233377,0.030486017347630328,-0.013508342259396951,-0.005459324943445106,-0.0004960871714165039,0.001221767656551423,0.000604337349077764,-0.004963237772028601,0.0006174303074736589,-0.00558066807950226,-0.0058493240271182126,-0.0009977744965064604,0.00441272184275634,0.0017507031028777427,-0.004851549530611753,0.002662018739878597,-0.00751356827049035,-0.0032376293167503014,-0.0010586420544694195,0.010132174859913459,0.0023557231937662852,-0.002178987262280882,0.007776451666147174,-0.009955438928428057,-0.0032842105693074246,-0.0016539827267557615,0.013368067882407629,0.00428839879674159,-0.0016302278425516631,0.009079669085666039,-0.010709896928217702,-0.0007545447652279701,0.0025188257073051287,0.020497121572999606,0.009489990116494918,-0.003273370472533099,0.011007131456504688,-0.014280501929037787
window_1,validation,0.2,0.025,price_momentum_5d,short_interest_change,down_10pct_5d,184,5611,510,21940,13,354,31,607,0.07065217391304347,0.06309035822491535,0.060784313725490195,0.027666362807657247,0.0075618156881281234,0.03311795091783295,-0.025556135229704825,-0.005515726176154376,-0.0005313889286089286,0.002031046793115533,0.0005896060379991854,-0.004984337247545448,0.001441440755116348,-0.006425778002661796,-0.003797572877341771,-0.0011013723029303702,0.0072164661630731,0.0017031225702396771,-0.002696200574411401,0.0055133435928334225,-0.008209544167244823,0.0034726055565403374,-0.001294999331550381,0.015291014073899335,0.002287198922684178,0.004767604888090718,0.013003815151215157,-0.00823621026312444,0.005447698867122354,-0.001952528601945611,0.016701657777271017,0.0042709157142913285,0.007400227469067965,0.012430742062979689,-0.005030514593911724,0.014808673548735236,0.001983963164154956,0.024303480089433373,0.009474255896705124,0.01282471038458028,0.014829224192728249,-0.002004513808147968
window_1,validation,0.2,0.01,price_momentum_5d,short_interest_change,down_10pct_5d,91,5704,251,22199,6,361,19,619,0.06593406593406594,0.06328892005610098,0.07569721115537849,0.02788413892517681,0.0026451458779649523,0.047813072230201675,-0.04516792635223672,-0.003560506785457187,-0.0006438483130014902,0.0016577284556915422,0.0006106446459665962,-0.002916658472455697,0.001047083809724946,-0.003963742282180643,0.0012360291963391102,-0.0012256367563183825,0.0008183064307326458,0.0018397906221051356,0.002461665952657493,-0.00102148419137249,0.0034831501440299828,0.011042336004979595,-0.001338031978151982,0.009935588031908174,0.002499469748428783,0.012380367983131576,0.007436118283479391,0.004944249699652185,0.014888591954000354,-0.0019824900529067926,0.014300147006218466,0.004443101010829276,0.016871082006907148,0.00985704599538919,0.007014036011517958,0.029497200664870844,0.001958725102829154,0.01975242610127933,0.009698729234105155,0.02753847556204169,0.010053696867174174,0.017484778694867517
window_1,validation,0.1,0.2,price_momentum_5d,short_interest_change,down_10pct_5d,140,2829,749,24527,16,252,42,695,0.11428571428571428,0.08907741251325557,0.056074766355140186,0.028336119378643942,0.02520830177245871,0.027738646976496244,-0.002530345204037533,-0.009249658235773842,-0.00132100072653476,0.0011258281242016032,0.0005774897617605952,-0.007928657509239082,0.000548338362441008,-0.00847699587168009,-0.016774542100180062,-0.003289580348017484,0.004645902660296059,0.001726392593429997,-0.013484961752162579,0.0029195100668660615,-0.01640447181902864,-0.017772296185029457,-0.003921933494933741,0.010649614314741918,0.0023222974646627684,-0.013850362690095715,0.00832731685007915,-0.022177679540174865,-0.022098707716711123,-0.004253484933358196,0.014361299798240279,0.0039400982285612415,-0.017845222783352925,0.010421201569679038,-0.028266424353031963,-0.018921832023005906,0.0005129444621612762,0.020513127908365035,0.008967683216975714,-0.01943477648516718,0.011545444691389321,-0.0309802211765565
window_1,validation,0.1,0.1,price_momentum_5d,short_interest_change,down_10pct_5d,140,2829,749,24527,16,252,42,695,0.11428571428571428,0.08907741251325557,0.056074766355140186,0.028336119378643942,0.02520830177245871,0.027738646976496244,-0.002530345204037533,-0.009249658235773842,-0.00132100072653476,0.0011258281242016032,0.0005774897617605952,-0.007928657509239082,0.000548338362441008,-0.00847699587168009,-0.016774542100180062,-0.003289580348017484,0.004645902660296059,0.001726392593429997,-0.013484961752162579,0.0029195100668660615,-0.01640447181902864,-0.017772296185029457,-0.003921933494933741,0.010649614314741918,0.0023222974646627684,-0.013850362690095715,0.00832731685007915,-0.022177679540174865,-0.022098707716711123,-0.004253484933358196,0.014361299798240279,0.0039400982285612415,-0.017845222783352925,0.010421201569679038,-0.028266424353031963,-0.018921832023005906,0.0005129444621612762,0.020513127908365035,0.008967683216975714,-0.01943477648516718,0.011545444691389321,-0.0309802211765565
window_1,validation,0.1,0.05,price_momentum_5d,short_interest_change,down_10pct_5d,139,2830,742,24534,16,252,40,697,0.11510791366906475,0.08904593639575972,0.05390835579514825,0.028409554088204125,0.02606197727330503,0.025498801706944126,0.0005631755663609052,-0.009328905867550173,-0.0013199099974507775,0.0011632995868087088,0.0005765129354494604,-0.008008995870099395,0.0005867866513592485,-0.008595782521458643,-0.016899456917187475,-0.003288209960098096,0.005279528420978095,0.0017080623682747837,-0.01361124695708938,0.003571466052703311,-0.01718271300979269,-0.018056827731804222,-0.003912852391643425,0.011340659518030372,0.0023037736070411216,-0.014143975340160798,0.00903688591098925,-0.02318086125115005,-0.02213912855450879,-0.004257805331354478,0.014947697767372292,0.0039253367187337285,-0.017881323223154312,0.011022361048638563,-0.028903684271792875,-0.01771565577771861,0.00044683376442979,0.02118270035913222,0.008950726966644357,-0.0181624895421484,0.012231973392487862,-0.03039446293463626
window_1,validation,0.1,0.025,price_momentum_5d,short_interest_change,down_10pct_5d,109,2860,585,24691,12,256,32,705,0.11009174311926606,0.08951048951048951,0.0547008547008547,0.02855291401725325,0.02058125360877655,0.02614794068360145,-0.0055666870748249005,-0.00842421171926245,-0.001438400045795653,0.0016054347444036307,0.0005697686333584302,-0.006985811673466798,0.0010356661110452006,-0.008021477784511998,-0.01379239957365202,-0.0035494010996638473,0.0076666938243837,0.0016742131280367268,-0.010242998473988173,0.005992480696346973,-0.016235479170335146,-0.010727501403076175,-0.004340550234313419,0.016421665389790403,0.0022408520021262005,-0.0063869511687627565,0.014180813387664203,-0.02056776455642696,-0.011189696219812355,-0.004862675198898723,0.018358801616954325,0.003914604667890537,-0.0063270210209136315,0.014444196949063789,-0.02077121796997742,-0.0016731184854169377,-0.00035509324645319564,0.026157163578613248,0.008910645918457739,-0.001318025238963742,0.01724651766015551,-0.01856454289911925
window_1,validation,0.1,0.01,price_momentum_5d,short_interest_change,down_10pct_5d,53,2916,289,24987,5,263,20,717,0.09433962264150944,0.0901920438957476,0.06920415224913495,0.028694921359106736,0.00414757874576184,0.04050923089002822,-0.03636165214426638,-0.004787099491854925,-0.001638664929803451,0.0011965397853643048,0.0005867665847744361,-0.0031484345620514742,0.0006097732005898687,-0.003758207762641343,-0.004946294099305754,-0.003906894756962781,0.0020070143883873983,0.0018106609466272594,-0.0010393993423429733,0.0001963534417601389,-0.0012357527841031122,0.0011931361478250751,-0.004679872269858165,0.011887366631928603,0.002461283950890385,0.00587300841768324,0.009426082681038218,-0.0035530742633549774,0.002338361694748716,-0.005230062114757055,0.016679119711256695,0.004105140161053761,0.007568423809505771,0.012573979550202934,-0.005005555740697163,0.020765965981450387,-0.0007882485585677107,0.022634975830129724,0.009155688600120915,0.0215542145400181,0.013479287230008808,0.00807492731000929
window_1,validation,0.05,0.2,price_momentum_5d,short_interest_change,down_10pct_5d,81,1460,808,25896,15,177,43,770,0.18518518518518517,0.12123287671232877,0.053217821782178217,0.029734321902996602,0.0639523084728564,0.023483499879181614,0.04046880859367479,-0.014928142167458396,-0.002412798223731861,0.0009374661232460308,0.0005386803266135233,-0.012515343943726536,0.0003987857966325075,-0.012914129740359043,-0.025162552517361724,-0.006392323343536474,0.00392266330747876,0.0016361523175810674,-0.018770229173825252,0.0022865109898976927,-0.021056740163722946,-0.03679623546383664,-0.006407056791057283,0.010481354861891513,0.002132303945534438,-0.030389178672779356,0.008349050916357076,-0.03873822958913643,-0.040505563806324724,-0.00598692746994427,0.013544239030760782,0.00360467232319933,-0.03451863633638046,0.009939566707561453,-0.04445820304394191,-0.03299199148830104,-0.00032449300810596276,0.019044093602347736,0.008567935045491672,-0.032667498480195074,0.010476158556856064,-0.04314365703705114
window_1,validation,0.05,0.1,price_momentum_5d,short_interest_change,down_10pct_5d,81,1460,808,25896,15,177,43,770,0.18518518518518517,0.12123287671232877,0.053217821782178217,0.029734321902996602,0.0639523084728564,0.023483499879181614,0.04046880859367479,-0.014928142167458396,-0.002412798223731861,0.0009374661232460308,0.0005386803266135233,-0.012515343943726536,0.0003987857966325075,-0.012914129740359043,-0.025162552517361724,-0.006392323343536474,0.00392266330747876,0.0016361523175810674,-0.018770229173825252,0.0022865109898976927,-0.021056740163722946,-0.03679623546383664,-0.006407056791057283,0.010481354861891513,0.002132303945534438,-0.030389178672779356,0.008349050916357076,-0.03873822958913643,-0.040505563806324724,-0.00598692746994427,0.013544239030760782,0.00360467232319933,-0.03451863633638046,0.009939566707561453,-0.04445820304394191,-0.03299199148830104,-0.00032449300810596276,0.019044093602347736,0.008567935045491672,-0.032667498480195074,0.010476158556856064,-0.04314365703705114
window_1,validation,0.05,0.05,price_momentum_5d,short_interest_change,down_10pct_5d,80,1461,801,25903,15,177,41,772,0.1875,0.12114989733059549,0.05118601747815231,0.0298034976643632,0.06635010266940451,0.021382519813789108,0.044967582855615404,-0.015136815976815826,-0.0024099381547346894,0.0009705314057026894,0.0005377656143921066,-0.012726877822081137,0.0004327657913105828,-0.01315964361339172,-0.02548444214212687,-0.006387545149965366,0.004503297063978571,0.0016188152499816747,-0.0190968969921615,0.0028844818139968967,-0.021981378806158396,-0.03752840826734289,-0.006387765452516748,0.011120028675462145,0.0021148104363557492,-0.03114064281482614,0.009005218239106397,-0.04014586105393254,-0.040805880713118324,-0.005994109731267264,0.014080303784473143,0.0035907816193900917,-0.03481177098185106,0.010489522165083053,-0.04530129314693411,-0.031072137255430555,-0.00045197818066574047,0.019651508731345396,0.00855198297783815,-0.030620159074764813,0.011099525753507245,-0.041719684828272055
window_1,validation,0.05,0.025,price_momentum_5d,short_interest_change,down_10pct_5d,58,1483,636,26068,11,181,33,780,0.1896551724137931,0.12204989885367498,0.05188679245283019,0.029921743133343563,0.06760527356011811,0.02196504931948663,0.04564022424063148,-0.015349904494679278,-0.002590404896507922,0.0014327589760501811,0.0005292275455270324,-0.012759499598171357,0.0009035314305231488,-0.013663031028694506,-0.021351072831841813,-0.006832499400689634,0.006635230437080535,0.0015850585319372008,-0.01451857343115218,0.005050171905143334,-0.019568745336295514,-0.029425408829777327,-0.007166638081852538,0.015949764641854037,0.002053975271971343,-0.02225877074792479,0.013895789369882694,-0.03615456011780748,-0.02712804147886448,-0.007045474287698448,0.017442843496435333,0.0035751377610362,-0.020082567191166033,0.013867705735399133,-0.03395027292656517,0.001462637858034024,-0.0021786541457539214,0.023639524815742656,0.00852493999485718,0.0036412920037879456,0.015114584820885476,-0.011473292817097532
window_1,validation,0.05,0.01,price_momentum_5d,short_interest_change,down_10pct_5d,28,1513,314,26390,5,187,20,793,0.17857142857142858,0.12359550561797752,0.06369426751592357,0.030049261083743842,0.05497592295345105,0.03364500643217973,0.021330916521271323,-0.00024826030795957216,-0.0031228774841968133,0.00031539813224471696,0.0005535469250489487,0.0028746171762372413,-0.00023814879280423175,0.003112765969041473,0.009934131056202682,-0.00769934864840927,0.0001264901318696737,0.001724122564119556,0.017633479704611953,-0.0015976324322498822,0.019231112136861836,-0.0025717214265171813,-0.008104950289208143,0.011371634943963621,0.0022779986483351103,0.0055332288626909615,0.00909363629562851,-0.0035604074329375485,0.012254450161902786,-0.008172497937187188,0.014653102426247094,0.003777539426168357,0.020426948099089973,0.010875563000078737,0.009551385099011236,0.05000566076553562,-0.0030048047612835985,0.019878807995189055,0.008754108672158388,0.05301046552681922,0.011124699323030666,0.04188576620378855
window_1,validation,0.025,0.2,price_momentum_5d,short_interest_change,down_10pct_5d,50,721,839,26635,12,126,46,821,0.24,0.17475728155339806,0.054827175208581644,0.030824103623052376,0.06524271844660193,0.024003071585529268,0.04123964686107266,-0.0167931075345682,-0.005035963835532307,0.00046239390792261406,0.0005277983952226046,-0.011757143699035893,-6.540448729999059e-05,-0.011691739211735903,-0.04341174590487323,-0.014197225469213768,0.003935557203552087,0.0016246745972524567,-0.02921452043565946,0.00231088260629963,-0.03152540304195909,-0.05077018104381172,-0.013037382473066508,0.009567280939246912,0.002074856122459062,-0.03773279857074521,0.00749242481678785,-0.04522522338753306,-0.05274852346234418,-0.014011356307782392,0.012276782647985245,0.0035557675341979476,-0.03873716715456179,0.008721015113787298,-0.04745818226834909,-0.050738860466711444,-0.005860066529805506,0.01817904570140663,0.008471056659065416,-0.04487879393690594,0.009707989042341212,-0.054586782979247156
window_1,validation,0.025,0.1,price_momentum_5d,short_interest_change,down_10pct_5d,50,721,839,26635,12,126,46,821,0.24,0.17475728155339806,0.054827175208581644,0.030824103623052376,0.06524271844660193,0.024003071585529268,0.04123964686107266,-0.0167931075345682,-0.005035963835532307,0.00046239390792261406,0.0005277983952226046,-0.011757143699035893,-6.540448729999059e-05,-0.011691739211735903,-0.04341174590487323,-0.014197225469213768,0.003935557203552087,0.0016246745972524567,-0.02921452043565946,0.00231088260629963,-0.03152540304195909,-0.05077018104381172,-0.013037382473066508,0.009567280939246912,0.002074856122459062,-0.03773279857074521,0.00749242481678785,-0.04522522338753306,-0.05274852346234418,-0.014011356307782392,0.012276782647985245,0.0035557675341979476,-0.03873716715456179,0.008721015113787298,-0.04745818226834909,-0.050738860466711444,-0.005860066529805506,0.01817904570140663,0.008471056659065416,-0.04487879393690594,0.009707989042341212,-0.054586782979247156
window_1,validation,0.025,0.05,price_momentum_5d,short_interest_change,down_10pct_5d,49,722,832,26642,12,126,44,823,0.24489795918367346,0.1745152354570637,0.052884615384615384,0.0308910742436754,0.07038272372660975,0.021993541140939984,0.048389182585669765,-0.017171859985909105,-0.0050265431618250105,0.0004902301888607383,0.000526911914584829,-0.012145316824084096,-3.6681725724090736e-05,-0.012108635098360005,-0.04430971250423493,-0.01417674646238127,0.004494665251904085,0.0016078214436609562,-0.030132966041853664,0.002886843808243129,-0.033019809850096796,-0.052250747775658156,-0.012989162291224777,0.0101744674863762,0.002057862945013898,-0.03926158548443338,0.008116604541362302,-0.04737819002579568,-0.05348869309906883,-0.014014775774479144,0.012782210139624871,0.003542274982315669,-0.039473917324589686,0.009239935157309202,-0.048713852481898884,-0.04796658557587004,-0.006110371604027298,0.018756550729075543,0.008455572526503141,-0.04185621397184274,0.010300978202572402,-0.05215719217441514
window_1,validation,0.025,0.025,price_momentum_5d,short_interest_change,down_10pct_5d,37,734,657,26817,11,127,33,834,0.2972972972972973,0.17302452316076294,0.0502283105022831,0.031099675578923815,0.12427277413653437,0.019128634923359287,0.10514413921317509,-0.01543490895165319,-0.005312661677024572,0.0009011139715185464,0.0005166061403666877,-0.010122247274628618,0.0003845078311518587,-0.010506755105780476,-0.04607178356667235,-0.014580559763732848,0.0071328772080719504,0.0015620255832455578,-0.031491223802939505,0.005570851624826393,-0.0370620754277659,-0.056116097584958564,-0.013436193739275303,0.016002545221819712,0.0019680452443968277,-0.042679903845683265,0.014034499977422885,-0.05671440382310615,-0.05201797663425673,-0.014734262854987485,0.01741991962469746,0.003488951102718265,-0.03728371377926924,0.013930968521979194,-0.05121468230124844,-0.035116129500457074,-0.007442444413907938,0.024990666012321486,0.008370061747682152,-0.027673685086549136,0.016620604264639335,-0.04429428935118847
window_1,validation,0.025,0.01,price_momentum_5d,short_interest_change,down_10pct_5d,20,751,322,27152,5,133,20,847,0.25,0.17709720372836218,0.062111801242236024,0.03119475545079552,0.07290279627163782,0.030917045791440504,0.041985750480197315,-0.0019694189407871007,-0.005900395370614462,0.00040829845875066763,0.0005271945581092898,0.003930976429827361,-0.0001188960993586222,0.004049872529185984,-0.013044879184026201,-0.016172955093030978,0.001797425946153034,0.0016940324556915926,0.003128075909004777,0.00010339349046144144,0.0030246824185433353,-0.0218486703399872,-0.015314898013943801,0.012222542171620618,0.0021860298670618532,-0.006533772326043397,0.010036512304558765,-0.016570284630602162,-0.015500350579953354,-0.01655074175689647,0.016317409248366256,0.003673905536868298,0.0010503911769431159,0.012643503711497958,-0.011593112534554842,0.022439306210594662,-0.009601647290994985,0.022339497166808903,0.00860656656489301,0.03204095350158965,0.013732930601915893,0.018308022899673756
window_1,validation,0.01,0.2,price_momentum_5d,short_interest_change,down_10pct_5d,34,480,855,26876,11,96,47,851,0.3235294117647059,0.2,0.05497076023391813,0.031663938086024704,0.12352941176470589,0.023306822147893425,0.10022258961681246,-0.022360978465061295,-0.005376147007164278,0.00036089635067923623,0.0004839831408979809,-0.016984831457897018,-0.00012308679021874467,-0.016861744667678272,-0.06843845531595089,-0.01878668997062627,0.004044739975764758,0.0015647648281149234,-0.04965176534532462,0.0024799751476498348,-0.05213174049297445,-0.08275688026497195,-0.017283977531232928,0.009710144543680256,0.002015186384640868,-0.06547290273373903,0.007694958159039388,-0.07316786089277841,-0.0828007620380039,-0.017583516312511815,0.01225499459395853,0.003462039299205868,-0.06521724572549209,0.008792955294752661,-0.07401020102024475,-0.10409201844984473,-0.01259286155043895,0.019010999938525504,0.008462794303111636,-0.09149915689940577,0.010548205635413869,-0.10204736253481964
window_1,validation,0.01,0.1,price_momentum_5d,short_interest_change,down_10pct_5d,34,480,855,26876,11,96,47,851,0.3235294117647059,0.2,0.05497076023391813,0.031663938086024704,0.12352941176470589,0.023306822147893425,0.10022258961681246,-0.022360978465061295,-0.005376147007164278,0.00036089635067923623,0.0004839831408979809,-0.016984831457897018,-0.00012308679021874467,-0.016861744667678272,-0.06843845531595089,-0.01878668997062627,0.004044739975764758,0.0015647648281149234,-0.04965176534532462,0.0024799751476498348,-0.05213174049297445,-0.08275688026497195,-0.017283977531232928,0.009710144543680256,0.002015186384640868,-0.06547290273373903,0.007694958159039388,-0.07316786089277841,-0.0828007620380039,-0.017583516312511815,0.01225499459395853,0.003462039299205868,-0.06521724572549209,0.008792955294752661,-0.07401020102024475,-0.10409201844984473,-0.01259286155043895,0.019010999938525504,0.008462794303111636,-0.09149915689940577,0.010548205635413869,-0.10204736253481964
window_1,validation,0.01,0.05,price_momentum_5d,short_interest_change,down_10pct_5d,33,481,848,26883,11,96,45,853,0.3333333333333333,0.1995841995841996,0.05306603773584906,0.031730089647732766,0.13374913374913372,0.021335948088116292,0.11241318566101743,-0.023092091830097576,-0.005361298962282157,0.0003873695851601509,0.00048311601630729727,-0.01773079286781542,-9.574643114714637e-05,-0.017635046436668272,-0.07053018479412668,-0.01874640866618869,0.004594200088541118,0.0015480783589857043,-0.05178377612793798,0.003046121729555413,-0.0548298978574934,-0.08592459144926391,-0.01720276845358657,0.010307054039485208,0.001998361084438907,-0.06872182299567733,0.008308692955046302,-0.07703051595072363,-0.08481047569785745,-0.017581222539019767,0.01275070586361181,0.003448692110662822,-0.06722925315883768,0.009302013752948987,-0.07653126691178667,-0.10159237264172061,-0.012954581859311093,0.019584476191686323,0.00844745113370225,-0.08863779078240952,0.011137025057984072,-0.09977481584039359
window_1,validation,0.01,0.025,price_momentum_5d,short_interest_change,down_10pct_5d,26,488,668,27063,10,97,34,864,0.38461538461538464,0.1987704918032787,0.05089820359281437,0.03192550714998337,0.18584489281210595,0.018972696442830998,0.16687219636927494,-0.0192007310628915,-0.005822960704130652,0.0007786815205264904,0.00047282038276958154,-0.013377770358760848,0.0003058611377569089,-0.013683631496517757,-0.07224528492305109,-0.01939783044804019,0.007275481649304976,0.0015021560971791683,-0.052847454475010894,0.005773325552125808,-0.0586207800271367,-0.0921209133757286,-0.017858400402114564,0.016216347826139264,0.0019077634597270655,-0.07426251297361404,0.014308584366412198,-0.08857109734002624,-0.088747812530305,-0.018335800437520235,0.017706085604411174,0.003388246809280005,-0.07041201209278478,0.014317838795131169,-0.08472985088791594,-0.09435496228767337,-0.014611625311528497,0.02630658652403864,0.00835560229242175,-0.07974333697614487,0.01795098423161689,-0.09769432120776175
window_1,validation,0.01,0.01,price_momentum_5d,short_interest_change,down_10pct_5d,12,502,330,27401,5,102,20,878,0.4166666666666667,0.20318725099601595,0.06060606060606061,0.03204262618152622,0.21347941567065074,0.028563434424534385,0.18491598124611636,-0.007835355914899167,-0.00646772820771344,0.0005639636238811,0.0004791792007125331,-0.0013676277071857272,8.478442316856689e-05,-0.0014524121303542941,-0.04910497184240716,-0.02142481873413158,0.00274888858512012,0.001627887265669352,-0.027680153108275582,0.001121001319450768,-0.02880115442772635,-0.07609404865030643,-0.02031257880517365,0.013369132594744764,0.0021185543995543526,-0.05578146984513278,0.011250578195190411,-0.0670320480403232,-0.06624210371810992,-0.02083746712087746,0.017391224275733894,0.003568653865636263,-0.045404636597232456,0.013822570410097632,-0.059227207007330085,-0.052823713427563236,-0.017828321933017248,0.025078753857742782,0.008591820585555727,-0.03499539149454599,0.016486933272187053,-0.05148232476673304
window_1,test,0.2,0.2,price_momentum_5d,short_interest_change,down_10pct_5d,199,5980,801,23241,22,365,49,809,0.11055276381909548,0.061036789297658864,0.06117353308364544,0.0348091734434835,0.04951597452143662,0.02636435964016194,0.02315161488127468,-0.001767085527952915,-0.00010113771529633736,-0.0040088899706281385,0.00036096091321609396,-0.0016659478126565775,-0.004369850883844233,0.0027039030711876553,-0.004257716850046417,0.0005073865843360034,-0.007313483662653802,0.0009983567800856102,-0.00476510343438242,-0.008311840442739412,0.0035467370083569916,-0.012425373714569933,0.001262751868847592,-0.009313517799658043,0.0017563247202235191,-0.013688125583417525,-0.011069842519881563,-0.002618283063535962,-0.013526834646045106,0.004684554962357767,-0.015374847822610532,0.003420015775381154,-0.01821138960840287,-0.018794863597991686,0.0005834739895888147,0.007978369145457137,0.008070781532208193,-0.02341241703866604,0.004315674203482221,-9.241238675105658e-05,-0.027728091242148263,0.027635678855397208
window_1,test,0.2,0.1,price_momentum_5d,short_interest_change,down_10pct_5d,199,5980,801,23241,22,365,49,809,0.11055276381909548,0.061036789297658864,0.06117353308364544,0.0348091734434835,0.04951597452143662,0.02636435964016194,0.02315161488127468,-0.001767085527952915,-0.00010113771529633736,-0.0040088899706281385,0.00036096091321609396,-0.0016659478126565775,-0.004369850883844233,0.0027039030711876553,-0.004257716850046417,0.0005073865843360034,-0.007313483662653802,0.0009983567800856102,-0.00476510343438242,-0.008311840442739412,0.0035467370083569916,-0.012425373714569933,0.001262751868847592,-0.009313517799658043,0.0017563247202235191,-0.013688125583417525,-0.011069842519881563,-0.002618283063535962,-0.013526834646045106,0.004684554962357767,-0.015374847822610532,0.003420015775381154,-0.01821138960840287,-0.018794863597991686,0.0005834739895888147,0.007978369145457137,0.008070781532208193,-0.02341241703866604,0.004315674203482221,-9.241238675105658e-05,-0.027728091242148263,0.027635678855397208
window_1,test,0.2,0.05,price_momentum_5d,short_interest_change,down_10pct_5d,195,5984,794,23248,22,365,48,810,0.11282051282051282,0.060995989304812835,0.060453400503778336,0.03484170681348933,0.05182452351569999,0.025611693690289004,0.026212829825410983,-0.002232470387893477,-8.708586762959527e-05,-0.003978843758083254,0.00035861896341621654,-0.002145384520263882,-0.004337462721499471,0.0021920782012355886,-0.005335536187564671,0.0005393241440082177,-0.007382435382565073,0.0009982090160848523,-0.005874860331572889,-0.008380644398649925,0.0025057840670770362,-0.013863653223349044,0.0013004711204983722,-0.009374033180015,0.0017550583882536398,-0.015164124343847417,-0.01112909156826864,-0.0040350327755787774,-0.013479080395889645,0.004670825410684314,-0.015306498531785328,0.0034120222541276636,-0.018149905806573958,-0.01871852078591299,0.000568614979339032,0.007813042923137219,0.008076107228031286,-0.02441077731734929,0.004341422716153396,-0.00026306430489406694,-0.028752200033502685,0.028489135728608617
window_1,test,0.2,0.025,price_momentum_5d,short_interest_change,down_10pct_5d,152,6027,625,23417,19,368,40,818,0.125,0.061058569769371164,0.064,0.03493188709057522,0.06394143023062884,0.02906811290942478,0.034873317321204064,-0.0011476337461333497,-0.00012975165557034313,-0.0032920762034829728,0.000308985751580431,-0.0010178820905630066,-0.003601061955063404,0.002583179864500397,-0.004285476256628455,0.00047092724608886494,-0.008539269008787969,0.0009686019832889118,-0.00475640350271732,-0.00950787099207688,0.00475146748935956,-0.012776794460392461,0.0011648713397194035,-0.010516944422888105,0.0017052442810562315,-0.013941665800111865,-0.012222188703944337,-0.0017194770961675276,-0.013037565468346377,0.004530198860382465,-0.01533508417630062,0.003277694031682549,-0.017567764328728842,-0.01861277820798317,0.0010450138792543265,0.02000697952116397,0.007766701200486814,-0.02138774752023792,0.004053233988781973,0.012240278320677157,-0.025440981509019894,0.03768125982969705
window_1,test,0.2,0.01,price_momentum_5d,short_interest_change,down_10pct_5d,88,6091,281,23761,15,372,16,842,0.17045454545454544,0.061073715317681826,0.05693950177935943,0.03543621901435125,0.10938083013686362,0.02150328276500818,0.08787754737185544,-0.003021636471873364,-0.00011337211426857167,-0.0009803925797063065,0.0002295131531703031,-0.0029082643576047924,-0.0012099057328766095,-0.0016983586247281829,-0.009230029096769855,0.0004923869121139078,-0.007680355535204854,0.0008207941339832723,-0.009722416008883763,-0.008501149669188126,-0.0012212663396956366,-0.01628492132844136,0.0010690658156972627,-0.010650909766860301,0.0015298817688513308,-0.017353987144138626,-0.012180791535711631,-0.005173195608426995,-0.02121347520491467,0.004463730815690193,-0.014527485846460178,0.0029986766993214792,-0.025677206020604866,-0.017526162545781657,-0.008151043474823209,0.02414013744775644,0.007835599561180169,-0.018196373183913567,0.0036471705306947745,0.01630453788657627,-0.02184354371460834,0.038148081601184616
window_1,test,0.1,0.2,price_momentum_5d,short_interest_change,down_10pct_5d,127,3042,873,26179,18,252,53,922,0.14173228346456693,0.08284023668639054,0.06071019473081329,0.03521906871920241,0.05889204677817639,0.025491126011610875,0.03340092076656551,-0.0003538841549481645,-9.764884916752307e-05,-0.004029584878416211,0.0003086953988216031,-0.0002562353057806414,-0.004338280277237814,0.0040820449714571725,-0.0022571652848031106,-0.00038218968237799955,-0.0073524926412084045,0.0010466252612434713,-0.001874975602425111,-0.008399117902451876,0.006524142300026766,-0.014427621697544805,0.0008329830609156332,-0.009278887939447101,0.0017508714819938897,-0.015260604758460437,-0.011029759421440992,-0.004230845337019446,-0.018021587769342796,0.0054766422809173375,-0.014568558480833306,0.0034698911147095887,-0.023498230050260135,-0.018038449595542894,-0.0054597804547172404,0.0058935219104998835,0.008331018440087478,-0.02052019229170563,0.004706860446578906,-0.002437496529587594,-0.025227052738284537,0.022789556208696944
window_1,test,0.1,0.1,price_momentum_5d,short_interest_change,down_10pct_5d,127,3042,873,26179,18,252,53,922,0.14173228346456693,0.08284023668639054,0.06071019473081329,0.03521906871920241,0.05889204677817639,0.025491126011610875,0.03340092076656551,-0.0003538841549481645,-9.764884916752307e-05,-0.004029584878416211,0.0003086953988216031,-0.0002562353057806414,-0.004338280277237814,0.0040820449714571725,-0.0022571652848031106,-0.00038218968237799955,-0.0073524926412084045,0.0010466252612434713,-0.001874975602425111,-0.008399117902451876,0.006524142300026766,-0.014427621697544805,0.0008329830609156332,-0.009278887939447101,0.0017508714819938897,-0.015260604758460437,-0.011029759421440992,-0.004230845337019446,-0.018021587769342796,0.0054766422809173375,-0.014568558480833306,0.0034698911147095887,-0.023498230050260135,-0.018038449595542894,-0.0054597804547172404,0.0058935219104998835,0.008331018440087478,-0.02052019229170563,0.004706860446578906,-0.002437496529587594,-0.025227052738284537,0.022789556208696944
window_1,test,0.1,0.05,price_momentum_5d,short_interest_change,down_10pct_5d,123,3046,866,26186,18,252,52,923,0.14634146341463414,0.08273145108338804,0.06004618937644342,0.03524784235851218,0.0636100123312461,0.024798347017931238,0.038811665313314855,-0.001045731652479797,-7.004796243959532e-05,-0.0040022040142059095,0.0003066301811347938,-0.0009756836900402017,-0.004308834195340703,0.003333150505300501,-0.0039008446714298302,-0.00031827876243532545,-0.007416026969683499,0.0010464811729192626,-0.003582565908994505,-0.008462508142602762,0.004879942233608257,-0.01677293467432388,0.0009076485491329626,-0.009334092099934339,0.001749748686875577,-0.017680583223456843,-0.011083840786809917,-0.006596742436646926,-0.01809205064505723,0.00544862980997572,-0.014499374459692831,0.003462781112820165,-0.02354068045503295,-0.017962155572512996,-0.005578524882519954,0.0055636194528396144,0.008341139259579881,-0.02141216976058067,0.004729615472886008,-0.0027775198067402666,-0.026141785233466677,0.02336426542672641
window_1,test,0.1,0.025,price_momentum_5d,short_interest_change,down_10pct_5d,98,3071,679,26373,16,254,43,932,0.16326530612244897,0.08270921523933572,0.06332842415316642,0.035339172638683504,0.08055609088311325,0.027989251514482914,0.05256683936863033,0.00019421331327638844,-0.00011755909851745623,-0.003315200090265409,0.0002583904033740419,0.00031177241179384467,-0.003573590493639451,0.003885362905433296,-0.0028950432888968885,-0.00037953981199999185,-0.008401651368465553,0.0010118529525463928,-0.0025155034768968966,-0.009413504321011946,0.006898000844115049,-0.016849206508949062,0.0007661506849867059,-0.010108896589702078,0.0016911059090884033,-0.01761535719393577,-0.011800002498790482,-0.005815354695145287,-0.015806931819520604,0.005184071471884409,-0.014752663097295312,0.0033419400971174454,-0.020991003291405012,-0.018094603194412757,-0.002896400096992255,0.020699168513886142,0.007835531378384483,-0.018195581483494285,0.004461440548577059,0.01286363713550166,-0.022657022032071344,0.03552065916757301
window_1,test,0.1,0.01,price_momentum_5d,short_interest_change,down_10pct_5d,60,3109,309,26743,13,257,18,957,0.21666666666666667,0.0826632357671277,0.05825242718446602,0.03578506525071982,0.13400343089953898,0.022467361933746204,0.11153606896579277,-0.0029481259444403838,-5.3105027397748005e-05,-0.0011796335526081069,0.00018427311874693537,-0.0028950209170426357,-0.0013639066713550423,-0.0015311142456875934,-0.008008289000931233,-0.0003116061964966201,-0.008058010116027305,0.0008776428136024512,-0.0076966828044346125,-0.008935652929629756,0.0012389701251951431,-0.01922357537861737,0.0005966680728318446,-0.010590822649428941,0.0015334165783440258,-0.019820243451449213,-0.012124239227772967,-0.007696004223676245,-0.029006481164665608,0.0051822428567783645,-0.013620130974135482,0.003078508335236237,-0.034188724021443975,-0.016698639309371717,-0.01749008471207226,0.024011129038814208,0.00792884131072716,-0.014335004891928797,0.004103364928090947,0.01608228772808705,-0.018438369820019743,0.03452065754810679
window_1,test,0.05,0.2,price_momentum_5d,short_interest_change,down_10pct_5d,75,1557,925,27664,15,168,56,1006,0.2,0.10789980732177264,0.06054054054054054,0.03636495083863505,0.09210019267822737,0.02417558970190549,0.06792460297632189,-0.005605005732300971,0.0014969546648452062,-0.0033971842774196716,0.00019713456598536558,-0.007101960397146178,-0.003594318843405037,-0.0035076415537411408,-0.014681119438371514,0.003597163326794046,-0.006058704982775209,0.0007459585887970158,-0.01827828276516556,-0.006804663571572225,-0.011473619193593333,-0.024300707990041963,0.00515615954610141,-0.008767809759429581,0.0014582800240436505,-0.029456867536143374,-0.010226089783473231,-0.019230777752670142,-0.02963014195850078,0.009203695021033957,-0.01382144059847184,0.0033678452921769427,-0.03883383697953474,-0.017189285890648782,-0.02164455108888596,-0.0071564929045176496,0.01573773449505621,-0.017977203913715357,0.0044845360438451705,-0.02289422739957386,-0.02246173995756053,-0.00043248744201333095
window_1,test,0.05,0.1,price_momentum_5d,short_interest_change,down_10pct_5d,75,1557,925,27664,15,168,56,1006,0.2,0.10789980732177264,0.06054054054054054,0.03636495083863505,0.09210019267822737,0.02417558970190549,0.06792460297632189,-0.005605005732300971,0.0014969546648452062,-0.0033971842774196716,0.00019713456598536558,-0.007101960397146178,-0.003594318843405037,-0.0035076415537411408,-0.014681119438371514,0.003597163326794046,-0.006058704982775209,0.0007459585887970158,-0.01827828276516556,-0.006804663571572225,-0.011473619193593333,-0.024300707990041963,0.00515615954610141,-0.008767809759429581,0.0014582800240436505,-0.029456867536143374,-0.010226089783473231,-0.019230777752670142,-0.02963014195850078,0.009203695021033957,-0.01382144059847184,0.0033678452921769427,-0.03883383697953474,-0.017189285890648782,-0.02164455108888596,-0.0071564929045176496,0.01573773449505621,-0.017977203913715357,0.0044845360438451705,-0.02289422739957386,-0.02246173995756053,-0.00043248744201333095
window_1,test,0.05,0.05,price_momentum_5d,short_interest_change,down_10pct_5d,72,1560,917,27672,15,168,55,1007,0.20833333333333334,0.1076923076923077,0.05997818974918211,0.03639057531078346,0.10064102564102564,0.02358761443839865,0.07705341120262699,-0.006926235326058263,0.0015442768761010305,-0.0033760574984527123,0.00019539534196614248,-0.008470512202159294,-0.003571452840418855,-0.004899059361740439,-0.01749609246145152,0.0036919346148493433,-0.006153069349080993,0.0007471184187814704,-0.021188027076300863,-0.006900187767862463,-0.0142878393084384,-0.028390466119112865,0.005288269791412099,-0.008835639218003103,0.001457571397823794,-0.03367873591052496,-0.010293210615826897,-0.023385525294698065,-0.029206383450107034,0.009109456480301295,-0.01382652224975826,0.0033630442509477022,-0.03831583993040833,-0.017189566500705963,-0.02112627342970237,-0.005374054476870307,0.015611440745704076,-0.019053088219878868,0.004513695193494327,-0.020985495222574382,-0.023566783413373194,0.002581288190798812
window_1,test,0.05,0.025,price_momentum_5d,short_interest_change,down_10pct_5d,55,1577,722,27867,13,170,46,1016,0.23636363636363636,0.10779961953075459,0.06371191135734072,0.03645889403236803,0.12856401683288177,0.027253017324972692,0.10131099950790907,-0.004275051156401728,0.00136050145646386,-0.002765734270065142,0.00015459128430735247,-0.0056355526128655875,-0.002920325554372494,-0.0027152270584930934,-0.01849691169690626,0.003498433408541732,-0.006885187504390805,0.0007178024785439317,-0.02199534510544799,-0.007602989982934737,-0.014392355122513252,-0.02970502876878835,0.004971061443443315,-0.009531006149586371,0.00140356051952749,-0.03467609021223166,-0.010934566669113861,-0.0237415235431178,-0.02566624801714385,0.008572946190111112,-0.014064396011680923,0.003248922866818463,-0.034239194207254964,-0.017313318878499386,-0.016925875328755578,0.023640468970626414,0.014373297303474475,-0.01610319543811112,0.00427235793601975,0.009267171667151939,-0.02037555337413087,0.02964272504128281
window_1,test,0.05,0.01,price_momentum_5d,short_interest_change,down_10pct_5d,37,1595,332,28257,11,172,20,1042,0.2972972972972973,0.10783699059561129,0.060240963855421686,0.036875818381286056,0.189460306701686,0.02336514547413563,0.1660951612275504,-0.010750200961726351,0.0014471099804547255,-0.00043264123144112375,8.687306032644687e-05,-0.012197310942181076,-0.0005195142917675706,-0.011677796650413505,-0.022462320195078118,0.00334219761075759,-0.006443724755091629,0.0006076799699226383,-0.02580451780583571,-0.007051404725014267,-0.01875311308082144,-0.03766099467210739,0.0047642909823791355,-0.009134102164224731,0.0012479794909648503,-0.04242528565448652,-0.010382081655189581,-0.03204320399929694,-0.047970239641515165,0.008703944431096162,-0.012572621910095602,0.0029924390446030447,-0.05667418407261133,-0.015565060954698647,-0.041109123117912684,0.012756117196797624,0.014730369470020177,-0.010424172004694749,0.003924412237757182,-0.001974252273222553,-0.014348584242451931,0.012374331969229378
window_1,test,0.025,0.2,price_momentum_5d,short_interest_change,down_10pct_5d,43,849,957,28372,11,113,60,1061,0.2558139534883721,0.1330977620730271,0.06269592476489028,0.037396024249259835,0.12271619141534501,0.02529990051563044,0.09741629089971457,-0.01228225155236242,0.0030573672972189054,-0.003170986488802701,0.00018287692835345704,-0.015339618849581326,-0.003353863417156158,-0.01198575543242517,-0.03205615831684047,0.005379450939300234,-0.005566323154985153,0.0007637751252232151,-0.03743560925614071,-0.006330098280208368,-0.031105510975932338,-0.044148051089021305,0.0037992022459658894,-0.008395413719851197,0.0015911629878612146,-0.04794725333498719,-0.009986576707712412,-0.03796067662727478,-0.04638401033374567,0.011169098866974087,-0.013597263068049056,0.003454661651363028,-0.05755310920071976,-0.017051924719412085,-0.04050118448130767,-0.026031468662187206,0.016122665221398463,-0.01676729094623979,0.004753831769095163,-0.04215413388358567,-0.02152112271533495,-0.020633011168250722
window_1,test,0.025,0.1,price_momentum_5d,short_interest_change,down_10pct_5d,43,849,957,28372,11,113,60,1061,0.2558139534883721,0.1330977620730271,0.06269592476489028,0.037396024249259835,0.12271619141534501,0.02529990051563044,0.09741629089971457,-0.01228225155236242,0.0030573672972189054,-0.003170986488802701,0.00018287692835345704,-0.015339618849581326,-0.003353863417156158,-0.01198575543242517,-0.03205615831684047,0.005379450939300234,-0.005566323154985153,0.0007637751252232151,-0.03743560925614071,-0.006330098280208368,-0.031105510975932338,-0.044148051089021305,0.0037992022459658894,-0.008395413719851197,0.0015911629878612146,-0.04794725333498719,-0.009986576707712412,-0.03796067662727478,-0.04638401033374567,0.011169098866974087,-0.013597263068049056,0.003454661651363028,-0.05755310920071976,-0.017051924719412085,-0.04050118448130767,-0.026031468662187206,0.016122665221398463,-0.01676729094623979,0.004753831769095163,-0.04215413388358567,-0.02152112271533495,-0.020633011168250722
window_1,test,0.025,0.05,price_momentum_5d,short_interest_change,down_10pct_5d,40,852,949,28380,11,113,59,1062,0.275,0.13262910798122066,0.06217070600632244,0.03742071881606766,0.14237089201877937,0.024749987190254785,0.11762090482852458,-0.01516125825763015,0.0031385191888409305,-0.0031486652679158338,0.000181185112075836,-0.018299777446471082,-0.0033298503799916697,-0.014969927066479413,-0.03842623767426965,0.005546700172315195,-0.005653354840211794,0.0007649009984803828,-0.04397293784658485,-0.006418255838692178,-0.03755468200789267,-0.05299816645377238,0.004045872263084529,-0.008457816717949502,0.0015904345816432298,-0.05704403871685691,-0.010048251299592732,-0.04699578741726418,-0.0468777851467803,0.010989628990118717,-0.013600283567507712,0.0034499559098630614,-0.05786741413689902,-0.017050239477370773,-0.04081717465952825,-0.024238702674247214,0.01589006775523842,-0.017796697273965958,0.004782187569774848,-0.040128770429485636,-0.022578884843740807,-0.01754988558574483
window_1,test,0.025,0.025,price_momentum_5d,short_interest_change,down_10pct_5d,30,862,747,28582,9,115,50,1071,0.3,0.1334106728538283,0.06693440428380187,0.03747113567979848,0.1665893271461717,0.029463268604003397,0.1371260585421683,-0.012685518883962467,0.0028400621636962193,-0.0024784770951409014,0.0001401361882139234,-0.015525581047658686,-0.002618613283354825,-0.012906967764303862,-0.04123022554061061,0.005134159867819114,-0.006360814933442686,0.000738030415953886,-0.04636438540842972,-0.007098845349396572,-0.03926554005903315,-0.05980569355458013,0.0036210293696456223,-0.008997312203008452,0.001533519612950392,-0.06342672292422576,-0.010530831815958845,-0.05289589110826691,-0.042757023191882036,0.010174899291724356,-0.013766301024926474,0.003333794223006402,-0.05293192248360639,-0.017100095247932875,-0.03583182723567352,0.01882745106135552,0.013925714720014597,-0.014579792295545438,0.004538539023231021,0.004901736341340923,-0.01911833131877646,0.024020067660117383
window_1,test,0.025,0.01,price_momentum_5d,short_interest_change,down_10pct_5d,20,872,349,28980,8,116,23,1098,0.4,0.13302752293577982,0.0659025787965616,0.037888198757763975,0.2669724770642202,0.028014380038797623,0.2389580970254226,-0.020311618093117746,0.002836927041800025,-0.0003872835603437621,7.898937557005091e-05,-0.02314854513491777,-0.000466272935913813,-0.02268227219900396,-0.05243940267613055,0.004859549418995836,-0.005506115794801434,0.0006302446861938568,-0.057298952095126386,-0.006136360480995291,-0.051162591614131094,-0.07761123439972492,0.003302042658247271,-0.008234252244687927,0.0013797039128742884,-0.08091327705797219,-0.009613956157562215,-0.07129932090040997,-0.0814980394428786,0.010456437250650806,-0.012375497283754236,0.0030821990396266087,-0.09195447669352941,-0.015457696323380845,-0.07649678037014856,0.018568032743526277,0.013987877254154492,-0.009628107232514818,0.004216343234691656,0.004580155489371785,-0.013844450467206474,0.018424605956578258
window_1,test,0.01,0.2,price_momentum_5d,short_interest_change,down_10pct_5d,21,471,979,28750,8,76,63,1098,0.38095238095238093,0.1613588110403397,0.06435137895812053,0.03819130434782609,0.21959356991204124,0.02616007461029444,0.1934334953017468,-0.024112422059306294,0.004819863109853525,-0.0031219714231770553,0.00019179594858581328,-0.02893228516915982,-0.0033137673717628688,-0.02561851779739695,-0.04887994353770877,0.004948424644640202,-0.005800722423547546,0.0008315225632234234,-0.05382836818234897,-0.0066322449867709694,-0.047196123195578005,-0.08791789113834649,0.006747926535617449,-0.00825996058510749,0.0015718861078312218,-0.09466581767396394,-0.009831846692938712,-0.08483397098102523,-0.12759836303477912,0.012697095230463131,-0.012591958709646222,0.003531057163721208,-0.14029545826524226,-0.01612301587336743,-0.12417244239187483,-0.052995269442412916,0.006829156789219456,-0.01639708879441763,0.005055559126191753,-0.05982442623163237,-0.021452647920609382,-0.038371778311022994
window_1,test,0.01,0.1,price_momentum_5d,short_interest_change,down_10pct_5d,21,471,979,28750,8,76,63,1098,0.38095238095238093,0.1613588110403397,0.06435137895812053,0.03819130434782609,0.21959356991204124,0.02616007461029444,0.1934334953017468,-0.024112422059306294,0.004819863109853525,-0.0031219714231770553,0.00019179594858581328,-0.02893228516915982,-0.0033137673717628688,-0.02561851779739695,-0.04887994353770877,0.004948424644640202,-0.005800722423547546,0.0008315225632234234,-0.05382836818234897,-0.0066322449867709694,-0.047196123195578005,-0.08791789113834649,0.006747926535617449,-0.00825996058510749,0.0015718861078312218,-0.09466581767396394,-0.009831846692938712,-0.08483397098102523,-0.12759836303477912,0.012697095230463131,-0.012591958709646222,0.003531057163721208,-0.14029545826524226,-0.01612301587336743,-0.12417244239187483,-0.052995269442412916,0.006829156789219456,-0.01639708879441763,0.005055559126191753,-0.05982442623163237,-0.021452647920609382,-0.038371778311022994
window_1,test,0.01,0.05,price_momentum_5d,short_interest_change,down_10pct_5d,20,472,969,28760,8,76,62,1099,0.4,0.16101694915254236,0.06398348813209494,0.03821279554937413,0.23898305084745766,0.025770692582720807,0.21321235826473686,-0.023992635249106557,0.004753490183215487,-0.0032143250408412805,0.0001937553707624128,-0.028746125432322044,-0.0034080804116036934,-0.02533804502071835,-0.05388335548632526,0.005046390472585078,-0.006010749371109673,0.0008362928574626446,-0.05892974595891034,-0.0068470422285723176,-0.05208270373033802,-0.0916739347264922,0.006706517751907597,-0.008578860710996006,0.0015792121076593363,-0.0983804524783998,-0.010158072818655342,-0.08822237965974446,-0.129453602084528,0.01247847091421257,-0.012582774478581495,0.0035251416672457065,-0.14193207299874055,-0.0161079161458272,-0.12582415685291334,-0.05157739177547247,0.006642330561315978,-0.017365393172811282,0.00508072464995592,-0.058219722336788446,-0.022446117822767203,-0.03577360451402124
window_1,test,0.01,0.025,price_momentum_5d,short_interest_change,down_10pct_5d,15,477,762,28967,6,78,53,1108,0.4,0.16352201257861634,0.06955380577427822,0.03825042289501847,0.23647798742138368,0.03130338287925975,0.20517460454212394,-0.0210323988436994,0.0043590789185557035,-0.0025150944539811503,0.00015100719689596534,-0.025391477762255102,-0.002666101650877116,-0.022725376111377985,-0.05780007046606508,0.004551845388521232,-0.006721042604342558,0.0008060482930413716,-0.06235191585458631,-0.0075270908973839295,-0.05482482495720238,-0.09759863027305792,0.005861587292382412,-0.009253521743029985,0.0015243693774127877,-0.10346021756544033,-0.010777891120442773,-0.09268232644499755,-0.13347236587007588,0.011117089555280733,-0.01255124944005958,0.003409204196277365,-0.14458945542535662,-0.015960453636336944,-0.12862900178901968,0.015663177457647923,0.003917577625926572,-0.013859880544352356,0.004828107982292766,0.01174559983172135,-0.018687988526645122,0.030433588358366473
window_1,test,0.01,0.01,price_momentum_5d,short_interest_change,down_10pct_5d,8,484,361,29368,5,79,26,1135,0.625,0.16322314049586778,0.07202216066481995,0.03864750749114683,0.4617768595041322,0.03337465317367312,0.4284022063304591,-0.04419096343068012,0.004374632993679793,-0.0005204061412102133,9.008410908228937e-05,-0.04856559642435992,-0.0006104902502925026,-0.04795510617406742,-0.09093378630672089,0.004197726206172357,-0.006213163920926715,0.0006970280106059291,-0.09513151251289324,-0.006910191931532644,-0.0882213205813606,-0.1459337004331214,0.005164188611230401,-0.009026341046885355,0.0013744120575201915,-0.1510978890443518,-0.010400753104405547,-0.14069713593994626,-0.15593487255464525,0.00939720084763416,-0.01302362980734249,0.0031970817297974556,-0.1653320734022794,-0.016220711537139946,-0.14911136186513946,0.0968504735300478,0.0027455132256018777,-0.010425630353234152,0.004530721448712736,0.09410496030444593,-0.014956351801946887,0.10906131210639282
window_2,validation,0.2,0.2,price_momentum_5d,short_interest_change,down_10pct_5d,199,5980,801,23241,22,365,49,809,0.11055276381909548,0.061036789297658864,0.06117353308364544,0.0348091734434835,0.04951597452143662,0.02636435964016194,0.02315161488127468,-0.001767085527952915,-0.00010113771529633736,-0.0040088899706281385,0.00036096091321609396,-0.0016659478126565775,-0.004369850883844233,0.0027039030711876553,-0.004257716850046417,0.0005073865843360034,-0.007313483662653802,0.0009983567800856102,-0.00476510343438242,-0.008311840442739412,0.0035467370083569916,-0.012425373714569933,0.001262751868847592,-0.009313517799658043,0.0017563247202235191,-0.013688125583417525,-0.011069842519881563,-0.002618283063535962,-0.013526834646045106,0.004684554962357767,-0.015374847822610532,0.003420015775381154,-0.01821138960840287,-0.018794863597991686,0.0005834739895888147,0.007978369145457137,0.008070781532208193,-0.02341241703866604,0.004315674203482221,-9.241238675105658e-05,-0.027728091242148263,0.027635678855397208
window_2,validation,0.2,0.1,price_momentum_5d,short_interest_change,down_10pct_5d,199,5980,801,23241,22,365,49,809,0.11055276381909548,0.061036789297658864,0.06117353308364544,0.0348091734434835,0.04951597452143662,0.02636435964016194,0.02315161488127468,-0.001767085527952915,-0.00010113771529633736,-0.0040088899706281385,0.00036096091321609396,-0.0016659478126565775,-0.004369850883844233,0.0027039030711876553,-0.004257716850046417,0.0005073865843360034,-0.007313483662653802,0.0009983567800856102,-0.00476510343438242,-0.008311840442739412,0.0035467370083569916,-0.012425373714569933,0.001262751868847592,-0.009313517799658043,0.0017563247202235191,-0.013688125583417525,-0.011069842519881563,-0.002618283063535962,-0.013526834646045106,0.004684554962357767,-0.015374847822610532,0.003420015775381154,-0.01821138960840287,-0.018794863597991686,0.0005834739895888147,0.007978369145457137,0.008070781532208193,-0.02341241703866604,0.004315674203482221,-9.241238675105658e-05,-0.027728091242148263,0.027635678855397208
window_2,validation,0.2,0.05,price_momentum_5d,short_interest_change,down_10pct_5d,195,5984,794,23248,22,365,48,810,0.11282051282051282,0.060995989304812835,0.060453400503778336,0.03484170681348933,0.05182452351569999,0.025611693690289004,0.026212829825410983,-0.002232470387893477,-8.708586762959527e-05,-0.003978843758083254,0.00035861896341621654,-0.002145384520263882,-0.004337462721499471,0.0021920782012355886,-0.005335536187564671,0.0005393241440082177,-0.007382435382565073,0.0009982090160848523,-0.005874860331572889,-0.008380644398649925,0.0025057840670770362,-0.013863653223349044,0.0013004711204983722,-0.009374033180015,0.0017550583882536398,-0.015164124343847417,-0.01112909156826864,-0.0040350327755787774,-0.013479080395889645,0.004670825410684314,-0.015306498531785328,0.0034120222541276636,-0.018149905806573958,-0.01871852078591299,0.000568614979339032,0.007813042923137219,0.008076107228031286,-0.02441077731734929,0.004341422716153396,-0.00026306430489406694,-0.028752200033502685,0.028489135728608617
window_2,validation,0.2,0.025,price_momentum_5d,short_interest_change,down_10pct_5d,152,6027,625,23417,19,368,40,818,0.125,0.061058569769371164,0.064,0.03493188709057522,0.06394143023062884,0.02906811290942478,0.034873317321204064,-0.0011476337461333497,-0.00012975165557034313,-0.0032920762034829728,0.000308985751580431,-0.0010178820905630066,-0.003601061955063404,0.002583179864500397,-0.004285476256628455,0.00047092724608886494,-0.008539269008787969,0.0009686019832889118,-0.00475640350271732,-0.00950787099207688,0.00475146748935956,-0.012776794460392461,0.0011648713397194035,-0.010516944422888105,0.0017052442810562315,-0.013941665800111865,-0.012222188703944337,-0.0017194770961675276,-0.013037565468346377,0.004530198860382465,-0.01533508417630062,0.003277694031682549,-0.017567764328728842,-0.01861277820798317,0.0010450138792543265,0.02000697952116397,0.007766701200486814,-0.02138774752023792,0.004053233988781973,0.012240278320677157,-0.025440981509019894,0.03768125982969705
window_2,validation,0.2,0.01,price_momentum_5d,short_interest_change,down_10pct_5d,88,6091,281,23761,15,372,16,842,0.17045454545454544,0.061073715317681826,0.05693950177935943,0.03543621901435125,0.10938083013686362,0.02150328276500818,0.08787754737185544,-0.003021636471873364,-0.00011337211426857167,-0.0009803925797063065,0.0002295131531703031,-0.0029082643576047924,-0.0012099057328766095,-0.0016983586247281829,-0.009230029096769855,0.0004923869121139078,-0.007680355535204854,0.0008207941339832723,-0.009722416008883763,-0.008501149669188126,-0.0012212663396956366,-0.01628492132844136,0.0010690658156972627,-0.010650909766860301,0.0015298817688513308,-0.017353987144138626,-0.012180791535711631,-0.005173195608426995,-0.02121347520491467,0.004463730815690193,-0.014527485846460178,0.0029986766993214792,-0.025677206020604866,-0.017526162545781657,-0.008151043474823209,0.02414013744775644,0.007835599561180169,-0.018196373183913567,0.0036471705306947745,0.01630453788657627,-0.02184354371460834,0.038148081601184616
window_2,validation,0.1,0.2,price_momentum_5d,short_interest_change,down_10pct_5d,127,3042,873,26179,18,252,53,922,0.14173228346456693,0.08284023668639054,0.06071019473081329,0.03521906871920241,0.05889204677817639,0.025491126011610875,0.03340092076656551,-0.0003538841549481645,-9.764884916752307e-05,-0.004029584878416211,0.0003086953988216031,-0.0002562353057806414,-0.004338280277237814,0.0040820449714571725,-0.0022571652848031106,-0.00038218968237799955,-0.0073524926412084045,0.0010466252612434713,-0.001874975602425111,-0.008399117902451876,0.006524142300026766,-0.014427621697544805,0.0008329830609156332,-0.009278887939447101,0.0017508714819938897,-0.015260604758460437,-0.011029759421440992,-0.004230845337019446,-0.018021587769342796,0.0054766422809173375,-0.014568558480833306,0.0034698911147095887,-0.023498230050260135,-0.018038449595542894,-0.0054597804547172404,0.0058935219104998835,0.008331018440087478,-0.02052019229170563,0.004706860446578906,-0.002437496529587594,-0.025227052738284537,0.022789556208696944
window_2,validation,0.1,0.1,price_momentum_5d,short_interest_change,down_10pct_5d,127,3042,873,26179,18,252,53,922,0.14173228346456693,0.08284023668639054,0.06071019473081329,0.03521906871920241,0.05889204677817639,0.025491126011610875,0.03340092076656551,-0.0003538841549481645,-9.764884916752307e-05,-0.004029584878416211,0.0003086953988216031,-0.0002562353057806414,-0.004338280277237814,0.0040820449714571725,-0.0022571652848031106,-0.00038218968237799955,-0.0073524926412084045,0.0010466252612434713,-0.001874975602425111,-0.008399117902451876,0.006524142300026766,-0.014427621697544805,0.0008329830609156332,-0.009278887939447101,0.0017508714819938897,-0.015260604758460437,-0.011029759421440992,-0.004230845337019446,-0.018021587769342796,0.0054766422809173375,-0.014568558480833306,0.0034698911147095887,-0.023498230050260135,-0.018038449595542894,-0.0054597804547172404,0.0058935219104998835,0.008331018440087478,-0.02052019229170563,0.004706860446578906,-0.002437496529587594,-0.025227052738284537,0.022789556208696944
window_2,validation,0.1,0.05,price_momentum_5d,short_interest_change,down_10pct_5d,123,3046,866,26186,18,252,52,923,0.14634146341463414,0.08273145108338804,0.06004618937644342,0.03524784235851218,0.0636100123312461,0.024798347017931238,0.038811665313314855,-0.001045731652479797,-7.004796243959532e-05,-0.0040022040142059095,0.0003066301811347938,-0.0009756836900402017,-0.004308834195340703,0.003333150505300501,-0.0039008446714298302,-0.00031827876243532545,-0.007416026969683499,0.0010464811729192626,-0.003582565908994505,-0.008462508142602762,0.004879942233608257,-0.01677293467432388,0.0009076485491329626,-0.009334092099934339,0.001749748686875577,-0.017680583223456843,-0.011083840786809917,-0.006596742436646926,-0.01809205064505723,0.00544862980997572,-0.014499374459692831,0.003462781112820165,-0.02354068045503295,-0.017962155572512996,-0.005578524882519954,0.0055636194528396144,0.008341139259579881,-0.02141216976058067,0.004729615472886008,-0.0027775198067402666,-0.026141785233466677,0.02336426542672641
window_2,validation,0.1,0.025,price_momentum_5d,short_interest_change,down_10pct_5d,98,3071,679,26373,16,254,43,932,0.16326530612244897,0.08270921523933572,0.06332842415316642,0.035339172638683504,0.08055609088311325,0.027989251514482914,0.05256683936863033,0.00019421331327638844,-0.00011755909851745623,-0.003315200090265409,0.0002583904033740419,0.00031177241179384467,-0.003573590493639451,0.003885362905433296,-0.0028950432888968885,-0.00037953981199999185,-0.008401651368465553,0.0010118529525463928,-0.0025155034768968966,-0.009413504321011946,0.006898000844115049,-0.016849206508949062,0.0007661506849867059,-0.010108896589702078,0.0016911059090884033,-0.01761535719393577,-0.011800002498790482,-0.005815354695145287,-0.015806931819520604,0.005184071471884409,-0.014752663097295312,0.0033419400971174454,-0.020991003291405012,-0.018094603194412757,-0.002896400096992255,0.020699168513886142,0.007835531378384483,-0.018195581483494285,0.004461440548577059,0.01286363713550166,-0.022657022032071344,0.03552065916757301
window_2,validation,0.1,0.01,price_momentum_5d,short_interest_change,down_10pct_5d,60,3109,309,26743,13,257,18,957,0.21666666666666667,0.0826632357671277,0.05825242718446602,0.03578506525071982,0.13400343089953898,0.022467361933746204,0.11153606896579277,-0.0029481259444403838,-5.3105027397748005e-05,-0.0011796335526081069,0.00018427311874693537,-0.0028950209170426357,-0.0013639066713550423,-0.0015311142456875934,-0.008008289000931233,-0.0003116061964966201,-0.008058010116027305,0.0008776428136024512,-0.0076966828044346125,-0.008935652929629756,0.0012389701251951431,-0.01922357537861737,0.0005966680728318446,-0.010590822649428941,0.0015334165783440258,-0.019820243451449213,-0.012124239227772967,-0.007696004223676245,-0.029006481164665608,0.0051822428567783645,-0.013620130974135482,0.003078508335236237,-0.034188724021443975,-0.016698639309371717,-0.01749008471207226,0.024011129038814208,0.00792884131072716,-0.014335004891928797,0.004103364928090947,0.01608228772808705,-0.018438369820019743,0.03452065754810679
window_2,validation,0.05,0.2,price_momentum_5d,short_interest_change,down_10pct_5d,75,1557,925,27664,15,168,56,1006,0.2,0.10789980732177264,0.06054054054054054,0.03636495083863505,0.09210019267822737,0.02417558970190549,0.06792460297632189,-0.005605005732300971,0.0014969546648452062,-0.0033971842774196716,0.00019713456598536558,-0.007101960397146178,-0.003594318843405037,-0.0035076415537411408,-0.014681119438371514,0.003597163326794046,-0.006058704982775209,0.0007459585887970158,-0.01827828276516556,-0.006804663571572225,-0.011473619193593333,-0.024300707990041963,0.00515615954610141,-0.008767809759429581,0.0014582800240436505,-0.029456867536143374,-0.010226089783473231,-0.019230777752670142,-0.02963014195850078,0.009203695021033957,-0.01382144059847184,0.0033678452921769427,-0.03883383697953474,-0.017189285890648782,-0.02164455108888596,-0.0071564929045176496,0.01573773449505621,-0.017977203913715357,0.0044845360438451705,-0.02289422739957386,-0.02246173995756053,-0.00043248744201333095
window_2,validation,0.05,0.1,price_momentum_5d,short_interest_change,down_10pct_5d,75,1557,925,27664,15,168,56,1006,0.2,0.10789980732177264,0.06054054054054054,0.03636495083863505,0.09210019267822737,0.02417558970190549,0.06792460297632189,-0.005605005732300971,0.0014969546648452062,-0.0033971842774196716,0.00019713456598536558,-0.007101960397146178,-0.003594318843405037,-0.0035076415537411408,-0.014681119438371514,0.003597163326794046,-0.006058704982775209,0.0007459585887970158,-0.01827828276516556,-0.006804663571572225,-0.011473619193593333,-0.024300707990041963,0.00515615954610141,-0.008767809759429581,0.0014582800240436505,-0.029456867536143374,-0.010226089783473231,-0.019230777752670142,-0.02963014195850078,0.009203695021033957,-0.01382144059847184,0.0033678452921769427,-0.03883383697953474,-0.017189285890648782,-0.02164455108888596,-0.0071564929045176496,0.01573773449505621,-0.017977203913715357,0.0044845360438451705,-0.02289422739957386,-0.02246173995756053,-0.00043248744201333095
window_2,validation,0.05,0.05,price_momentum_5d,short_interest_change,down_10pct_5d,72,1560,917,27672,15,168,55,1007,0.20833333333333334,0.1076923076923077,0.05997818974918211,0.03639057531078346,0.10064102564102564,0.02358761443839865,0.07705341120262699,-0.006926235326058263,0.0015442768761010305,-0.0033760574984527123,0.00019539534196614248,-0.008470512202159294,-0.003571452840418855,-0.004899059361740439,-0.01749609246145152,0.0036919346148493433,-0.006153069349080993,0.0007471184187814704,-0.021188027076300863,-0.006900187767862463,-0.0142878393084384,-0.028390466119112865,0.005288269791412099,-0.008835639218003103,0.001457571397823794,-0.03367873591052496,-0.010293210615826897,-0.023385525294698065,-0.029206383450107034,0.009109456480301295,-0.01382652224975826,0.0033630442509477022,-0.03831583993040833,-0.017189566500705963,-0.02112627342970237,-0.005374054476870307,0.015611440745704076,-0.019053088219878868,0.004513695193494327,-0.020985495222574382,-0.023566783413373194,0.002581288190798812
window_2,validation,0.05,0.025,price_momentum_5d,short_interest_change,down_10pct_5d,55,1577,722,27867,13,170,46,1016,0.23636363636363636,0.10779961953075459,0.06371191135734072,0.03645889403236803,0.12856401683288177,0.027253017324972692,0.10131099950790907,-0.004275051156401728,0.00136050145646386,-0.002765734270065142,0.00015459128430735247,-0.0056355526128655875,-0.002920325554372494,-0.0027152270584930934,-0.01849691169690626,0.003498433408541732,-0.006885187504390805,0.0007178024785439317,-0.02199534510544799,-0.007602989982934737,-0.014392355122513252,-0.02970502876878835,0.004971061443443315,-0.009531006149586371,0.00140356051952749,-0.03467609021223166,-0.010934566669113861,-0.0237415235431178,-0.02566624801714385,0.008572946190111112,-0.014064396011680923,0.003248922866818463,-0.034239194207254964,-0.017313318878499386,-0.016925875328755578,0.023640468970626414,0.014373297303474475,-0.01610319543811112,0.00427235793601975,0.009267171667151939,-0.02037555337413087,0.02964272504128281
window_2,validation,0.05,0.01,price_momentum_5d,short_interest_change,down_10pct_5d,37,1595,332,28257,11,172,20,1042,0.2972972972972973,0.10783699059561129,0.060240963855421686,0.036875818381286056,0.189460306701686,0.02336514547413563,0.1660951612275504,-0.010750200961726351,0.0014471099804547255,-0.00043264123144112375,8.687306032644687e-05,-0.012197310942181076,-0.0005195142917675706,-0.011677796650413505,-0.022462320195078118,0.00334219761075759,-0.006443724755091629,0.0006076799699226383,-0.02580451780583571,-0.007051404725014267,-0.01875311308082144,-0.03766099467210739,0.0047642909823791355,-0.009134102164224731,0.0012479794909648503,-0.04242528565448652,-0.010382081655189581,-0.03204320399929694,-0.047970239641515165,0.008703944431096162,-0.012572621910095602,0.0029924390446030447,-0.05667418407261133,-0.015565060954698647,-0.041109123117912684,0.012756117196797624,0.014730369470020177,-0.010424172004694749,0.003924412237757182,-0.001974252273222553,-0.014348584242451931,0.012374331969229378
window_2,validation,0.025,0.2,price_momentum_5d,short_interest_change,down_10pct_5d,43,849,957,28372,11,113,60,1061,0.2558139534883721,0.1330977620730271,0.06269592476489028,0.037396024249259835,0.12271619141534501,0.02529990051563044,0.09741629089971457,-0.01228225155236242,0.0030573672972189054,-0.003170986488802701,0.00018287692835345704,-0.015339618849581326,-0.003353863417156158,-0.01198575543242517,-0.03205615831684047,0.005379450939300234,-0.005566323154985153,0.0007637751252232151,-0.03743560925614071,-0.006330098280208368,-0.031105510975932338,-0.044148051089021305,0.0037992022459658894,-0.008395413719851197,0.0015911629878612146,-0.04794725333498719,-0.009986576707712412,-0.03796067662727478,-0.04638401033374567,0.011169098866974087,-0.013597263068049056,0.003454661651363028,-0.05755310920071976,-0.017051924719412085,-0.04050118448130767,-0.026031468662187206,0.016122665221398463,-0.01676729094623979,0.004753831769095163,-0.04215413388358567,-0.02152112271533495,-0.020633011168250722
window_2,validation,0.025,0.1,price_momentum_5d,short_interest_change,down_10pct_5d,43,849,957,28372,11,113,60,1061,0.2558139534883721,0.1330977620730271,0.06269592476489028,0.037396024249259835,0.12271619141534501,0.02529990051563044,0.09741629089971457,-0.01228225155236242,0.0030573672972189054,-0.003170986488802701,0.00018287692835345704,-0.015339618849581326,-0.003353863417156158,-0.01198575543242517,-0.03205615831684047,0.005379450939300234,-0.005566323154985153,0.0007637751252232151,-0.03743560925614071,-0.006330098280208368,-0.031105510975932338,-0.044148051089021305,0.0037992022459658894,-0.008395413719851197,0.0015911629878612146,-0.04794725333498719,-0.009986576707712412,-0.03796067662727478,-0.04638401033374567,0.011169098866974087,-0.013597263068049056,0.003454661651363028,-0.05755310920071976,-0.017051924719412085,-0.04050118448130767,-0.026031468662187206,0.016122665221398463,-0.01676729094623979,0.004753831769095163,-0.04215413388358567,-0.02152112271533495,-0.020633011168250722
window_2,validation,0.025,0.05,price_momentum_5d,short_interest_change,down_10pct_5d,40,852,949,28380,11,113,59,1062,0.275,0.13262910798122066,0.06217070600632244,0.03742071881606766,0.14237089201877937,0.024749987190254785,0.11762090482852458,-0.01516125825763015,0.0031385191888409305,-0.0031486652679158338,0.000181185112075836,-0.018299777446471082,-0.0033298503799916697,-0.014969927066479413,-0.03842623767426965,0.005546700172315195,-0.005653354840211794,0.0007649009984803828,-0.04397293784658485,-0.006418255838692178,-0.03755468200789267,-0.05299816645377238,0.004045872263084529,-0.008457816717949502,0.0015904345816432298,-0.05704403871685691,-0.010048251299592732,-0.04699578741726418,-0.0468777851467803,0.010989628990118717,-0.013600283567507712,0.0034499559098630614,-0.05786741413689902,-0.017050239477370773,-0.04081717465952825,-0.024238702674247214,0.01589006775523842,-0.017796697273965958,0.004782187569774848,-0.040128770429485636,-0.022578884843740807,-0.01754988558574483
window_2,validation,0.025,0.025,price_momentum_5d,short_interest_change,down_10pct_5d,30,862,747,28582,9,115,50,1071,0.3,0.1334106728538283,0.06693440428380187,0.03747113567979848,0.1665893271461717,0.029463268604003397,0.1371260585421683,-0.012685518883962467,0.0028400621636962193,-0.0024784770951409014,0.0001401361882139234,-0.015525581047658686,-0.002618613283354825,-0.012906967764303862,-0.04123022554061061,0.005134159867819114,-0.006360814933442686,0.000738030415953886,-0.04636438540842972,-0.007098845349396572,-0.03926554005903315,-0.05980569355458013,0.0036210293696456223,-0.008997312203008452,0.001533519612950392,-0.06342672292422576,-0.010530831815958845,-0.05289589110826691,-0.042757023191882036,0.010174899291724356,-0.013766301024926474,0.003333794223006402,-0.05293192248360639,-0.017100095247932875,-0.03583182723567352,0.01882745106135552,0.013925714720014597,-0.014579792295545438,0.004538539023231021,0.004901736341340923,-0.01911833131877646,0.024020067660117383
window_2,validation,0.025,0.01,price_momentum_5d,short_interest_change,down_10pct_5d,20,872,349,28980,8,116,23,1098,0.4,0.13302752293577982,0.0659025787965616,0.037888198757763975,0.2669724770642202,0.028014380038797623,0.2389580970254226,-0.020311618093117746,0.002836927041800025,-0.0003872835603437621,7.898937557005091e-05,-0.02314854513491777,-0.000466272935913813,-0.02268227219900396,-0.05243940267613055,0.004859549418995836,-0.005506115794801434,0.0006302446861938568,-0.057298952095126386,-0.006136360480995291,-0.051162591614131094,-0.07761123439972492,0.003302042658247271,-0.008234252244687927,0.0013797039128742884,-0.08091327705797219,-0.009613956157562215,-0.07129932090040997,-0.0814980394428786,0.010456437250650806,-0.012375497283754236,0.0030821990396266087,-0.09195447669352941,-0.015457696323380845,-0.07649678037014856,0.018568032743526277,0.013987877254154492,-0.009628107232514818,0.004216343234691656,0.004580155489371785,-0.013844450467206474,0.018424605956578258
window_2,validation,0.01,0.2,price_momentum_5d,short_interest_change,down_10pct_5d,21,471,979,28750,8,76,63,1098,0.38095238095238093,0.1613588110403397,0.06435137895812053,0.03819130434782609,0.21959356991204124,0.02616007461029444,0.1934334953017468,-0.024112422059306294,0.004819863109853525,-0.0031219714231770553,0.00019179594858581328,-0.02893228516915982,-0.0033137673717628688,-0.02561851779739695,-0.04887994353770877,0.004948424644640202,-0.005800722423547546,0.0008315225632234234,-0.05382836818234897,-0.0066322449867709694,-0.047196123195578005,-0.08791789113834649,0.006747926535617449,-0.00825996058510749,0.0015718861078312218,-0.09466581767396394,-0.009831846692938712,-0.08483397098102523,-0.12759836303477912,0.012697095230463131,-0.012591958709646222,0.003531057163721208,-0.14029545826524226,-0.01612301587336743,-0.12417244239187483,-0.052995269442412916,0.006829156789219456,-0.01639708879441763,0.005055559126191753,-0.05982442623163237,-0.021452647920609382,-0.038371778311022994
window_2,validation,0.01,0.1,price_momentum_5d,short_interest_change,down_10pct_5d,21,471,979,28750,8,76,63,1098,0.38095238095238093,0.1613588110403397,0.06435137895812053,0.03819130434782609,0.21959356991204124,0.02616007461029444,0.1934334953017468,-0.024112422059306294,0.004819863109853525,-0.0031219714231770553,0.00019179594858581328,-0.02893228516915982,-0.0033137673717628688,-0.02561851779739695,-0.04887994353770877,0.004948424644640202,-0.005800722423547546,0.0008315225632234234,-0.05382836818234897,-0.0066322449867709694,-0.047196123195578005,-0.08791789113834649,0.006747926535617449,-0.00825996058510749,0.0015718861078312218,-0.09466581767396394,-0.009831846692938712,-0.08483397098102523,-0.12759836303477912,0.012697095230463131,-0.012591958709646222,0.003531057163721208,-0.14029545826524226,-0.01612301587336743,-0.12417244239187483,-0.052995269442412916,0.006829156789219456,-0.01639708879441763,0.005055559126191753,-0.05982442623163237,-0.021452647920609382,-0.038371778311022994
window_2,validation,0.01,0.05,price_momentum_5d,short_interest_change,down_10pct_5d,20,472,969,28760,8,76,62,1099,0.4,0.16101694915254236,0.06398348813209494,0.03821279554937413,0.23898305084745766,0.025770692582720807,0.21321235826473686,-0.023992635249106557,0.004753490183215487,-0.0032143250408412805,0.0001937553707624128,-0.028746125432322044,-0.0034080804116036934,-0.02533804502071835,-0.05388335548632526,0.005046390472585078,-0.006010749371109673,0.0008362928574626446,-0.05892974595891034,-0.0068470422285723176,-0.05208270373033802,-0.0916739347264922,0.006706517751907597,-0.008578860710996006,0.0015792121076593363,-0.0983804524783998,-0.010158072818655342,-0.08822237965974446,-0.129453602084528,0.01247847091421257,-0.012582774478581495,0.0035251416672457065,-0.14193207299874055,-0.0161079161458272,-0.12582415685291334,-0.05157739177547247,0.006642330561315978,-0.017365393172811282,0.00508072464995592,-0.058219722336788446,-0.022446117822767203,-0.03577360451402124
window_2,validation,0.01,0.025,price_momentum_5d,short_interest_change,down_10pct_5d,15,477,762,28967,6,78,53,1108,0.4,0.16352201257861634,0.06955380577427822,0.03825042289501847,0.23647798742138368,0.03130338287925975,0.20517460454212394,-0.0210323988436994,0.0043590789185557035,-0.0025150944539811503,0.00015100719689596534,-0.025391477762255102,-0.002666101650877116,-0.022725376111377985,-0.05780007046606508,0.004551845388521232,-0.006721042604342558,0.0008060482930413716,-0.06235191585458631,-0.0075270908973839295,-0.05482482495720238,-0.09759863027305792,0.005861587292382412,-0.009253521743029985,0.0015243693774127877,-0.10346021756544033,-0.010777891120442773,-0.09268232644499755,-0.13347236587007588,0.011117089555280733,-0.01255124944005958,0.003409204196277365,-0.14458945542535662,-0.015960453636336944,-0.12862900178901968,0.015663177457647923,0.003917577625926572,-0.013859880544352356,0.004828107982292766,0.01174559983172135,-0.018687988526645122,0.030433588358366473
window_2,validation,0.01,0.01,price_momentum_5d,short_interest_change,down_10pct_5d,8,484,361,29368,5,79,26,1135,0.625,0.16322314049586778,0.07202216066481995,0.03864750749114683,0.4617768595041322,0.03337465317367312,0.4284022063304591,-0.04419096343068012,0.004374632993679793,-0.0005204061412102133,9.008410908228937e-05,-0.04856559642435992,-0.0006104902502925026,-0.04795510617406742,-0.09093378630672089,0.004197726206172357,-0.006213163920926715,0.0006970280106059291,-0.09513151251289324,-0.006910191931532644,-0.0882213205813606,-0.1459337004331214,0.005164188611230401,-0.009026341046885355,0.0013744120575201915,-0.1510978890443518,-0.010400753104405547,-0.14069713593994626,-0.15593487255464525,0.00939720084763416,-0.01302362980734249,0.0031970817297974556,-0.1653320734022794,-0.016220711537139946,-0.14911136186513946,0.0968504735300478,0.0027455132256018777,-0.010425630353234152,0.004530721448712736,0.09410496030444593,-0.014956351801946887,0.10906131210639282
