window,evaluation,target,momentum_tail,si_tail,momentum_n,momentum_events,momentum_event_rate,momentum_plus_si_n,momentum_plus_si_events,momentum_plus_si_event_rate,incremental_event_rate_difference,incremental_event_rate_lift
window_1,validation,down_5pct_5d,0.2,0.2,5798,1069,0.18437392204208347,228,56,0.24561403508771928,0.06124011304563581,1.33215170761328
window_1,validation,down_5pct_5d,0.2,0.1,5798,1069,0.18437392204208347,228,56,0.24561403508771928,0.06124011304563581,1.33215170761328
window_1,validation,down_5pct_5d,0.2,0.05,5798,1069,0.18437392204208347,226,56,0.24778761061946902,0.06341368857738555,1.3439406607779996
window_1,validation,down_5pct_5d,0.2,0.025,5798,1069,0.18437392204208347,184,40,0.21739130434782608,0.03301738230574261,1.1790783747508846
window_1,validation,down_5pct_5d,0.1,0.2,2971,681,0.2292157522719623,140,45,0.32142857142857145,0.09221281915660914,1.4022970421648837
window_1,validation,down_5pct_5d,0.1,0.1,2971,681,0.2292157522719623,140,45,0.32142857142857145,0.09221281915660914,1.4022970421648837
window_1,validation,down_5pct_5d,0.1,0.05,2971,681,0.2292157522719623,139,45,0.3237410071942446,0.09452525492228228,1.4123855100941272
window_1,validation,down_5pct_5d,0.1,0.025,2971,681,0.2292157522719623,109,31,0.28440366972477066,0.05518791745280835,1.2407684328227513
window_1,validation,down_5pct_5d,0.05,0.2,1542,424,0.27496757457846954,81,33,0.4074074074074074,0.13243983282893784,1.481656184486373
window_1,validation,down_5pct_5d,0.05,0.1,1542,424,0.27496757457846954,81,33,0.4074074074074074,0.13243983282893784,1.481656184486373
window_1,validation,down_5pct_5d,0.05,0.05,1542,424,0.27496757457846954,80,33,0.4125,0.13753242542153044,1.5001768867924525
window_1,validation,down_5pct_5d,0.05,0.025,1542,424,0.27496757457846954,58,21,0.3620689655172414,0.08710139093877184,1.3167696811971372
window_1,validation,down_5pct_5d,0.025,0.2,771,261,0.33852140077821014,50,25,0.5,0.16147859922178986,1.4770114942528736
window_1,validation,down_5pct_5d,0.025,0.1,771,261,0.33852140077821014,50,25,0.5,0.16147859922178986,1.4770114942528736
window_1,validation,down_5pct_5d,0.025,0.05,771,261,0.33852140077821014,49,25,0.5102040816326531,0.17168268085444294,1.5071545859723199
window_1,validation,down_5pct_5d,0.025,0.025,771,261,0.33852140077821014,37,18,0.4864864864864865,0.14796508570827638,1.4370922646784716
window_1,test,down_5pct_5d,0.2,0.2,6187,1178,0.1903992241797317,199,56,0.2814070351758794,0.09100781099614769,1.4779841482454716
window_1,test,down_5pct_5d,0.2,0.1,6187,1178,0.1903992241797317,199,56,0.2814070351758794,0.09100781099614769,1.4779841482454716
window_1,test,down_5pct_5d,0.2,0.05,6187,1178,0.1903992241797317,195,56,0.28717948717948716,0.09678026299975545,1.5083017717992249
window_1,test,down_5pct_5d,0.2,0.025,6187,1178,0.1903992241797317,152,44,0.2894736842105263,0.09907446003079462,1.5203511750513805
window_1,test,down_5pct_5d,0.1,0.2,3175,726,0.22866141732283465,127,37,0.29133858267716534,0.06267716535433068,1.2741046831955922
window_1,test,down_5pct_5d,0.1,0.1,3175,726,0.22866141732283465,127,37,0.29133858267716534,0.06267716535433068,1.2741046831955922
window_1,test,down_5pct_5d,0.1,0.05,3175,726,0.22866141732283465,123,37,0.3008130081300813,0.07215159080724667,1.3155389818360994
window_1,test,down_5pct_5d,0.1,0.025,3175,726,0.22866141732283465,98,30,0.30612244897959184,0.07746103165675719,1.3387586439534491
window_1,test,down_5pct_5d,0.05,0.2,1635,431,0.2636085626911315,75,25,0.3333333333333333,0.06972477064220184,1.2645011600928076
window_1,test,down_5pct_5d,0.05,0.1,1635,431,0.2636085626911315,75,25,0.3333333333333333,0.06972477064220184,1.2645011600928076
window_1,test,down_5pct_5d,0.05,0.05,1635,431,0.2636085626911315,72,25,0.3472222222222222,0.08361365953109073,1.3171887084300078
window_1,test,down_5pct_5d,0.05,0.025,1635,431,0.2636085626911315,55,19,0.34545454545454546,0.08184598276341398,1.3104830204598188
window_1,test,down_5pct_5d,0.025,0.2,894,254,0.2841163310961969,43,18,0.4186046511627907,0.13448832006659384,1.4733565281084051
window_1,test,down_5pct_5d,0.025,0.1,894,254,0.2841163310961969,43,18,0.4186046511627907,0.13448832006659384,1.4733565281084051
window_1,test,down_5pct_5d,0.025,0.05,894,254,0.2841163310961969,40,18,0.45,0.16588366890380313,1.5838582677165354
window_1,test,down_5pct_5d,0.025,0.025,894,254,0.2841163310961969,30,14,0.4666666666666667,0.1825503355704698,1.64251968503937
window_1,validation,down_7pct_5d,0.2,0.2,5798,688,0.11866160745084511,228,37,0.16228070175438597,0.043619094303540856,1.367592309261526
window_1,validation,down_7pct_5d,0.2,0.1,5798,688,0.11866160745084511,228,37,0.16228070175438597,0.043619094303540856,1.367592309261526
window_1,validation,down_7pct_5d,0.2,0.05,5798,688,0.11866160745084511,226,37,0.16371681415929204,0.04505520670844693,1.3796948960691502
window_1,validation,down_7pct_5d,0.2,0.025,5798,688,0.11866160745084511,184,29,0.15760869565217392,0.038947088201328806,1.3282197927199193
window_1,validation,down_7pct_5d,0.1,0.2,2971,460,0.15483002356109055,140,33,0.2357142857142857,0.08088426215319516,1.5224068322981366
window_1,validation,down_7pct_5d,0.1,0.1,2971,460,0.15483002356109055,140,33,0.2357142857142857,0.08088426215319516,1.5224068322981366
window_1,validation,down_7pct_5d,0.1,0.05,2971,460,0.15483002356109055,139,33,0.23741007194244604,0.08258004838135549,1.533359399436972
window_1,validation,down_7pct_5d,0.1,0.025,2971,460,0.15483002356109055,109,26,0.23853211009174313,0.08370208653065259,1.5406063023534105
window_1,validation,down_7pct_5d,0.05,0.2,1542,300,0.19455252918287938,81,25,0.30864197530864196,0.11408944612576258,1.5864197530864197
window_1,validation,down_7pct_5d,0.05,0.1,1542,300,0.19455252918287938,81,25,0.30864197530864196,0.11408944612576258,1.5864197530864197
window_1,validation,down_7pct_5d,0.05,0.05,1542,300,0.19455252918287938,80,25,0.3125,0.11794747081712062,1.60625
window_1,validation,down_7pct_5d,0.05,0.025,1542,300,0.19455252918287938,58,19,0.3275862068965517,0.13303367771367233,1.6837931034482758
window_1,validation,down_7pct_5d,0.025,0.2,771,195,0.2529182879377432,50,20,0.4,0.14708171206225684,1.5815384615384618
window_1,validation,down_7pct_5d,0.025,0.1,771,195,0.2529182879377432,50,20,0.4,0.14708171206225684,1.5815384615384618
window_1,validation,down_7pct_5d,0.025,0.05,771,195,0.2529182879377432,49,20,0.40816326530612246,0.15524497736837928,1.6138147566718997
window_1,validation,down_7pct_5d,0.025,0.025,771,195,0.2529182879377432,37,17,0.4594594594594595,0.2065411715217163,1.816632016632017
window_1,test,down_7pct_5d,0.2,0.2,6187,740,0.1196056246969452,199,43,0.21608040201005024,0.09647477731310504,1.8066073611299742
window_1,test,down_7pct_5d,0.2,0.1,6187,740,0.1196056246969452,199,43,0.21608040201005024,0.09647477731310504,1.8066073611299742
window_1,test,down_7pct_5d,0.2,0.05,6187,740,0.1196056246969452,195,43,0.2205128205128205,0.1009071958158753,1.8436659736659737
window_1,test,down_7pct_5d,0.2,0.025,6187,740,0.1196056246969452,152,36,0.23684210526315788,0.11723648056621268,1.9801920341394026
window_1,test,down_7pct_5d,0.1,0.2,3175,476,0.1499212598425197,127,29,0.2283464566929134,0.0784251968503937,1.523109243697479
window_1,test,down_7pct_5d,0.1,0.1,3175,476,0.1499212598425197,127,29,0.2283464566929134,0.0784251968503937,1.523109243697479
window_1,test,down_7pct_5d,0.1,0.05,3175,476,0.1499212598425197,123,29,0.23577235772357724,0.08585109788105755,1.5726412516226003
window_1,test,down_7pct_5d,0.1,0.025,3175,476,0.1499212598425197,98,26,0.2653061224489796,0.11538486260645991,1.769636425998971
window_1,test,down_7pct_5d,0.05,0.2,1635,302,0.18470948012232416,75,20,0.26666666666666666,0.0819571865443425,1.4437086092715232
window_1,test,down_7pct_5d,0.05,0.1,1635,302,0.18470948012232416,75,20,0.26666666666666666,0.0819571865443425,1.4437086092715232
window_1,test,down_7pct_5d,0.05,0.05,1635,302,0.18470948012232416,72,20,0.2777777777777778,0.09306829765545363,1.5038631346578366
window_1,test,down_7pct_5d,0.05,0.025,1635,302,0.18470948012232416,55,17,0.3090909090909091,0.12438142896858492,1.6733895243829018
window_1,test,down_7pct_5d,0.025,0.2,894,181,0.20246085011185683,43,15,0.3488372093023256,0.14637635919046876,1.722985995117564
window_1,test,down_7pct_5d,0.025,0.1,894,181,0.20246085011185683,43,15,0.3488372093023256,0.14637635919046876,1.722985995117564
window_1,test,down_7pct_5d,0.025,0.05,894,181,0.20246085011185683,40,15,0.375,0.17253914988814317,1.8522099447513811
window_1,test,down_7pct_5d,0.025,0.025,894,181,0.20246085011185683,30,13,0.43333333333333335,0.23087248322147652,2.140331491712707
window_1,validation,down_10pct_5d,0.2,0.2,5798,367,0.06329768885822698,228,18,0.07894736842105263,0.015649679562825647,1.247239351785458
window_1,validation,down_10pct_5d,0.2,0.1,5798,367,0.06329768885822698,228,18,0.07894736842105263,0.015649679562825647,1.247239351785458
window_1,validation,down_10pct_5d,0.2,0.05,5798,367,0.06329768885822698,226,18,0.07964601769911504,0.016348328840888063,1.25827686817294
window_1,validation,down_10pct_5d,0.2,0.025,5798,367,0.06329768885822698,184,13,0.07065217391304347,0.0073544850548164925,1.1161888401848121
window_1,validation,down_10pct_5d,0.1,0.2,2971,268,0.09020531807472232,140,16,0.11428571428571428,0.024080396210991964,1.2669509594882729
window_1,validation,down_10pct_5d,0.1,0.1,2971,268,0.09020531807472232,140,16,0.11428571428571428,0.024080396210991964,1.2669509594882729
window_1,validation,down_10pct_5d,0.1,0.05,2971,268,0.09020531807472232,139,16,0.11510791366906475,0.024902595594342436,1.2760657145925052
window_1,validation,down_10pct_5d,0.1,0.025,2971,268,0.09020531807472232,109,12,0.11009174311926606,0.019886425044543743,1.2204573462960429
window_1,validation,down_10pct_5d,0.05,0.2,1542,192,0.1245136186770428,81,15,0.18518518518518517,0.06067156650814237,1.4872685185185184
window_1,validation,down_10pct_5d,0.05,0.1,1542,192,0.1245136186770428,81,15,0.18518518518518517,0.06067156650814237,1.4872685185185184
window_1,validation,down_10pct_5d,0.05,0.05,1542,192,0.1245136186770428,80,15,0.1875,0.0629863813229572,1.505859375
window_1,validation,down_10pct_5d,0.05,0.025,1542,192,0.1245136186770428,58,11,0.1896551724137931,0.06514155373675029,1.5231681034482758
window_1,validation,down_10pct_5d,0.025,0.2,771,138,0.17898832684824903,50,12,0.24,0.06101167315175096,1.3408695652173912
window_1,validation,down_10pct_5d,0.025,0.1,771,138,0.17898832684824903,50,12,0.24,0.06101167315175096,1.3408695652173912
window_1,validation,down_10pct_5d,0.025,0.05,771,138,0.17898832684824903,49,12,0.24489795918367346,0.06590963233542443,1.3682342502218279
window_1,validation,down_10pct_5d,0.025,0.025,771,138,0.17898832684824903,37,11,0.2972972972972973,0.11830897044904828,1.6609870740305523
window_1,test,down_10pct_5d,0.2,0.2,6187,387,0.06255050913205107,199,22,0.11055276381909548,0.048002254687044416,1.7674158908236275
window_1,test,down_10pct_5d,0.2,0.1,6187,387,0.06255050913205107,199,22,0.11055276381909548,0.048002254687044416,1.7674158908236275
window_1,test,down_10pct_5d,0.2,0.05,6187,387,0.06255050913205107,195,22,0.11282051282051282,0.050270003688461753,1.8036705757635991
window_1,test,down_10pct_5d,0.2,0.025,6187,387,0.06255050913205107,152,19,0.125,0.06244949086794893,1.9983850129198968
window_1,test,down_10pct_5d,0.1,0.2,3175,270,0.08503937007874016,127,18,0.14173228346456693,0.05669291338582677,1.6666666666666667
window_1,test,down_10pct_5d,0.1,0.1,3175,270,0.08503937007874016,127,18,0.14173228346456693,0.05669291338582677,1.6666666666666667
window_1,test,down_10pct_5d,0.1,0.05,3175,270,0.08503937007874016,123,18,0.14634146341463414,0.06130209333589398,1.7208672086720866
window_1,test,down_10pct_5d,0.1,0.025,3175,270,0.08503937007874016,98,16,0.16326530612244897,0.07822593604370881,1.9198790627362055
window_1,test,down_10pct_5d,0.05,0.2,1635,183,0.11192660550458716,75,15,0.2,0.08807339449541285,1.7868852459016393
window_1,test,down_10pct_5d,0.05,0.1,1635,183,0.11192660550458716,75,15,0.2,0.08807339449541285,1.7868852459016393
window_1,test,down_10pct_5d,0.05,0.05,1635,183,0.11192660550458716,72,15,0.20833333333333334,0.09640672782874618,1.8613387978142075
window_1,test,down_10pct_5d,0.05,0.025,1635,183,0.11192660550458716,55,13,0.23636363636363636,0.1244370308590492,2.11177347242921
window_1,test,down_10pct_5d,0.025,0.2,894,124,0.13870246085011187,43,11,0.2558139534883721,0.11711149263826023,1.8443360840210052
window_1,test,down_10pct_5d,0.025,0.1,894,124,0.13870246085011187,43,11,0.2558139534883721,0.11711149263826023,1.8443360840210052
window_1,test,down_10pct_5d,0.025,0.05,894,124,0.13870246085011187,40,11,0.275,0.13629753914988815,1.9826612903225806
window_1,test,down_10pct_5d,0.025,0.025,894,124,0.13870246085011187,30,9,0.3,0.16129753914988812,2.1629032258064513
window_2,validation,down_5pct_5d,0.2,0.2,6187,1178,0.1903992241797317,199,56,0.2814070351758794,0.09100781099614769,1.4779841482454716
window_2,validation,down_5pct_5d,0.2,0.1,6187,1178,0.1903992241797317,199,56,0.2814070351758794,0.09100781099614769,1.4779841482454716
window_2,validation,down_5pct_5d,0.2,0.05,6187,1178,0.1903992241797317,195,56,0.28717948717948716,0.09678026299975545,1.5083017717992249
window_2,validation,down_5pct_5d,0.2,0.025,6187,1178,0.1903992241797317,152,44,0.2894736842105263,0.09907446003079462,1.5203511750513805
window_2,validation,down_5pct_5d,0.1,0.2,3175,726,0.22866141732283465,127,37,0.29133858267716534,0.06267716535433068,1.2741046831955922
window_2,validation,down_5pct_5d,0.1,0.1,3175,726,0.22866141732283465,127,37,0.29133858267716534,0.06267716535433068,1.2741046831955922
window_2,validation,down_5pct_5d,0.1,0.05,3175,726,0.22866141732283465,123,37,0.3008130081300813,0.07215159080724667,1.3155389818360994
window_2,validation,down_5pct_5d,0.1,0.025,3175,726,0.22866141732283465,98,30,0.30612244897959184,0.07746103165675719,1.3387586439534491
window_2,validation,down_5pct_5d,0.05,0.2,1635,431,0.2636085626911315,75,25,0.3333333333333333,0.06972477064220184,1.2645011600928076
window_2,validation,down_5pct_5d,0.05,0.1,1635,431,0.2636085626911315,75,25,0.3333333333333333,0.06972477064220184,1.2645011600928076
window_2,validation,down_5pct_5d,0.05,0.05,1635,431,0.2636085626911315,72,25,0.3472222222222222,0.08361365953109073,1.3171887084300078
window_2,validation,down_5pct_5d,0.05,0.025,1635,431,0.2636085626911315,55,19,0.34545454545454546,0.08184598276341398,1.3104830204598188
window_2,validation,down_5pct_5d,0.025,0.2,894,254,0.2841163310961969,43,18,0.4186046511627907,0.13448832006659384,1.4733565281084051
window_2,validation,down_5pct_5d,0.025,0.1,894,254,0.2841163310961969,43,18,0.4186046511627907,0.13448832006659384,1.4733565281084051
window_2,validation,down_5pct_5d,0.025,0.05,894,254,0.2841163310961969,40,18,0.45,0.16588366890380313,1.5838582677165354
window_2,validation,down_5pct_5d,0.025,0.025,894,254,0.2841163310961969,30,14,0.4666666666666667,0.1825503355704698,1.64251968503937
window_2,validation,down_7pct_5d,0.2,0.2,6187,740,0.1196056246969452,199,43,0.21608040201005024,0.09647477731310504,1.8066073611299742
window_2,validation,down_7pct_5d,0.2,0.1,6187,740,0.1196056246969452,199,43,0.21608040201005024,0.09647477731310504,1.8066073611299742
window_2,validation,down_7pct_5d,0.2,0.05,6187,740,0.1196056246969452,195,43,0.2205128205128205,0.1009071958158753,1.8436659736659737
window_2,validation,down_7pct_5d,0.2,0.025,6187,740,0.1196056246969452,152,36,0.23684210526315788,0.11723648056621268,1.9801920341394026
window_2,validation,down_7pct_5d,0.1,0.2,3175,476,0.1499212598425197,127,29,0.2283464566929134,0.0784251968503937,1.523109243697479
window_2,validation,down_7pct_5d,0.1,0.1,3175,476,0.1499212598425197,127,29,0.2283464566929134,0.0784251968503937,1.523109243697479
window_2,validation,down_7pct_5d,0.1,0.05,3175,476,0.1499212598425197,123,29,0.23577235772357724,0.08585109788105755,1.5726412516226003
window_2,validation,down_7pct_5d,0.1,0.025,3175,476,0.1499212598425197,98,26,0.2653061224489796,0.11538486260645991,1.769636425998971
window_2,validation,down_7pct_5d,0.05,0.2,1635,302,0.18470948012232416,75,20,0.26666666666666666,0.0819571865443425,1.4437086092715232
window_2,validation,down_7pct_5d,0.05,0.1,1635,302,0.18470948012232416,75,20,0.26666666666666666,0.0819571865443425,1.4437086092715232
window_2,validation,down_7pct_5d,0.05,0.05,1635,302,0.18470948012232416,72,20,0.2777777777777778,0.09306829765545363,1.5038631346578366
window_2,validation,down_7pct_5d,0.05,0.025,1635,302,0.18470948012232416,55,17,0.3090909090909091,0.12438142896858492,1.6733895243829018
window_2,validation,down_7pct_5d,0.025,0.2,894,181,0.20246085011185683,43,15,0.3488372093023256,0.14637635919046876,1.722985995117564
window_2,validation,down_7pct_5d,0.025,0.1,894,181,0.20246085011185683,43,15,0.3488372093023256,0.14637635919046876,1.722985995117564
window_2,validation,down_7pct_5d,0.025,0.05,894,181,0.20246085011185683,40,15,0.375,0.17253914988814317,1.8522099447513811
window_2,validation,down_7pct_5d,0.025,0.025,894,181,0.20246085011185683,30,13,0.43333333333333335,0.23087248322147652,2.140331491712707
window_2,validation,down_10pct_5d,0.2,0.2,6187,387,0.06255050913205107,199,22,0.11055276381909548,0.048002254687044416,1.7674158908236275
window_2,validation,down_10pct_5d,0.2,0.1,6187,387,0.06255050913205107,199,22,0.11055276381909548,0.048002254687044416,1.7674158908236275
window_2,validation,down_10pct_5d,0.2,0.05,6187,387,0.06255050913205107,195,22,0.11282051282051282,0.050270003688461753,1.8036705757635991
window_2,validation,down_10pct_5d,0.2,0.025,6187,387,0.06255050913205107,152,19,0.125,0.06244949086794893,1.9983850129198968
window_2,validation,down_10pct_5d,0.1,0.2,3175,270,0.08503937007874016,127,18,0.14173228346456693,0.05669291338582677,1.6666666666666667
window_2,validation,down_10pct_5d,0.1,0.1,3175,270,0.08503937007874016,127,18,0.14173228346456693,0.05669291338582677,1.6666666666666667
window_2,validation,down_10pct_5d,0.1,0.05,3175,270,0.08503937007874016,123,18,0.14634146341463414,0.06130209333589398,1.7208672086720866
window_2,validation,down_10pct_5d,0.1,0.025,3175,270,0.08503937007874016,98,16,0.16326530612244897,0.07822593604370881,1.9198790627362055
window_2,validation,down_10pct_5d,0.05,0.2,1635,183,0.11192660550458716,75,15,0.2,0.08807339449541285,1.7868852459016393
window_2,validation,down_10pct_5d,0.05,0.1,1635,183,0.11192660550458716,75,15,0.2,0.08807339449541285,1.7868852459016393
window_2,validation,down_10pct_5d,0.05,0.05,1635,183,0.11192660550458716,72,15,0.20833333333333334,0.09640672782874618,1.8613387978142075
window_2,validation,down_10pct_5d,0.05,0.025,1635,183,0.11192660550458716,55,13,0.23636363636363636,0.1244370308590492,2.11177347242921
window_2,validation,down_10pct_5d,0.025,0.2,894,124,0.13870246085011187,43,11,0.2558139534883721,0.11711149263826023,1.8443360840210052
window_2,validation,down_10pct_5d,0.025,0.1,894,124,0.13870246085011187,43,11,0.2558139534883721,0.11711149263826023,1.8443360840210052
window_2,validation,down_10pct_5d,0.025,0.05,894,124,0.13870246085011187,40,11,0.275,0.13629753914988815,1.9826612903225806
window_2,validation,down_10pct_5d,0.025,0.025,894,124,0.13870246085011187,30,9,0.3,0.16129753914988812,2.1629032258064513
