target,momentum_decile,si_decile,n,events,event_rate,momentum_row_n,momentum_row_event_rate,incremental_vs_momentum_row,incremental_lift_vs_momentum_row,overall_event_rate
down_5pct_5d,1,1,367,66,0.17983651226158037,2918,0.20390678546949967,-0.024070273207919296,0.8819545256794815,0.1434433010158499
down_5pct_5d,1,2,216,46,0.21296296296296297,2918,0.20390678546949967,0.009056177493463297,1.044413320883909,0.1434433010158499
down_5pct_5d,1,3,179,30,0.16759776536312848,2918,0.20390678546949967,-0.03630902010637119,0.8219332425707713,0.1434433010158499
down_5pct_5d,1,4,233,44,0.1888412017167382,2918,0.20390678546949967,-0.015065583752761458,0.9261153388393984,0.1434433010158499
down_5pct_5d,1,5,404,115,0.28465346534653463,2918,0.20390678546949967,0.08074667987703496,1.3959980031616606,0.1434433010158499
down_5pct_5d,1,6,269,59,0.21933085501858737,2918,0.20390678546949967,0.015424069549087704,1.0756427478054418,0.1434433010158499
down_5pct_5d,1,7,372,64,0.17204301075268819,2918,0.20390678546949967,-0.03186377471681148,0.8437336224812506,0.1434433010158499
down_5pct_5d,1,8,169,20,0.11834319526627218,2918,0.20390678546949967,-0.08556359020322749,0.5803788971209785,0.1434433010158499
down_5pct_5d,1,9,403,80,0.19851116625310175,2918,0.20390678546949967,-0.005395619216397918,0.9735387951706738,0.1434433010158499
down_5pct_5d,1,10,306,71,0.23202614379084968,2918,0.20390678546949967,0.028119358321350013,1.1379030043389904,0.1434433010158499
down_5pct_5d,2,1,344,40,0.11627906976744186,3013,0.13574510454696315,-0.019466034779521288,0.8565986239836243,0.1434433010158499
down_5pct_5d,2,2,283,31,0.10954063604240283,3013,0.13574510454696315,-0.02620446850456032,0.8069582796962341,0.1434433010158499
down_5pct_5d,2,3,284,30,0.1056338028169014,3013,0.13574510454696315,-0.03011130173006174,0.7781776231963912,0.1434433010158499
down_5pct_5d,2,4,313,36,0.11501597444089456,3013,0.13574510454696315,-0.020729130106068583,0.8472937188029716,0.1434433010158499
down_5pct_5d,2,5,252,52,0.20634920634920634,3013,0.13574510454696315,0.07060410180224319,1.5201226374820507,0.1434433010158499
down_5pct_5d,2,6,297,40,0.13468013468013468,3013,0.13574510454696315,-0.001064969866828469,0.9921546351864201,0.1434433010158499
down_5pct_5d,2,7,398,49,0.12311557788944724,3013,0.13574510454696315,-0.012629526657515905,0.9069614576550235,0.1434433010158499
down_5pct_5d,2,8,249,33,0.13253012048192772,3013,0.13574510454696315,-0.0032149840650354256,0.9763160220343479,0.1434433010158499
down_5pct_5d,2,9,386,69,0.17875647668393782,3013,0.13574510454696315,0.043011372136974674,1.3168539468183489,0.1434433010158499
down_5pct_5d,2,10,207,29,0.14009661835748793,3013,0.13574510454696315,0.0043515138105247875,1.032056506384135,0.1434433010158499
down_5pct_5d,3,1,378,46,0.12169312169312169,3018,0.14049039098740887,-0.018797269294287183,0.8662024558250974,0.1434433010158499
down_5pct_5d,3,2,319,30,0.09404388714733543,3018,0.14049039098740887,-0.04644650384007344,0.6693972910628735,0.1434433010158499
down_5pct_5d,3,3,323,41,0.12693498452012383,3018,0.14049039098740887,-0.013555406467285036,0.9035136398154098,0.1434433010158499
down_5pct_5d,3,4,345,35,0.10144927536231885,3018,0.14049039098740887,-0.03904111562509002,0.7221082854799017,0.1434433010158499
down_5pct_5d,3,5,233,40,0.17167381974248927,3018,0.14049039098740887,0.0311834287550804,1.221961292412341,0.1434433010158499
down_5pct_5d,3,6,281,35,0.12455516014234876,3018,0.14049039098740887,-0.015935230845060114,0.8865742295037938,0.1434433010158499
down_5pct_5d,3,7,299,63,0.21070234113712374,3018,0.14049039098740887,0.07021195014971487,1.4997633621505648,0.1434433010158499
down_5pct_5d,3,8,280,33,0.11785714285714285,3018,0.14049039098740887,-0.022633248130266015,0.8388982479784367,0.1434433010158499
down_5pct_5d,3,9,337,68,0.20178041543026706,3018,0.14049039098740887,0.06129002444285819,1.4362577683220425,0.1434433010158499
down_5pct_5d,3,10,223,33,0.14798206278026907,3018,0.14049039098740887,0.0074916717928601995,1.053325154412387,0.1434433010158499
down_5pct_5d,4,1,396,34,0.08585858585858586,3030,0.11056105610561057,-0.02470247024702471,0.7765716870194481,0.1434433010158499
down_5pct_5d,4,2,407,20,0.04914004914004914,3030,0.11056105610561057,-0.06142100696556143,0.4444607429682056,0.1434433010158499
down_5pct_5d,4,3,347,29,0.08357348703170028,3030,0.11056105610561057,-0.026987569073910284,0.7559034797195577,0.1434433010158499
down_5pct_5d,4,4,307,32,0.10423452768729642,3030,0.11056105610561057,-0.006326528418314145,0.9427779668433078,0.1434433010158499
down_5pct_5d,4,5,258,34,0.13178294573643412,3030,0.11056105610561057,0.021221889630823554,1.1919472405414786,0.1434433010158499
down_5pct_5d,4,6,315,34,0.10793650793650794,3030,0.11056105610561057,-0.002624548169102625,0.9762615493958777,0.1434433010158499
down_5pct_5d,4,7,271,51,0.1881918819188192,3030,0.11056105610561057,0.07763082581320863,1.702153439444842,0.1434433010158499
down_5pct_5d,4,8,262,30,0.11450381679389313,3030,0.11056105610561057,0.003942760688282559,1.035661387717899,0.1434433010158499
down_5pct_5d,4,9,284,44,0.15492957746478872,3030,0.11056105610561057,0.044368521359178154,1.401303342442716,0.1434433010158499
down_5pct_5d,4,10,183,27,0.14754098360655737,3030,0.11056105610561057,0.03697992750094681,1.3344751651578173,0.1434433010158499
down_5pct_5d,5,1,362,36,0.09944751381215469,3069,0.11241446725317693,-0.012966953441022236,0.8846504924333414,0.1434433010158499
down_5pct_5d,5,2,507,33,0.0650887573964497,3069,0.11241446725317693,-0.047325709856727224,0.5790069462310266,0.1434433010158499
down_5pct_5d,5,3,321,25,0.0778816199376947,3069,0.11241446725317693,-0.03453284731548223,0.6928078017066233,0.1434433010158499
down_5pct_5d,5,4,309,33,0.10679611650485436,3069,0.11241446725317693,-0.005618350748322565,0.9500211059518784,0.1434433010158499
down_5pct_5d,5,5,254,37,0.14566929133858267,3069,0.11241446725317693,0.03325482408540574,1.2958233481684354,0.1434433010158499
down_5pct_5d,5,6,343,40,0.11661807580174927,3069,0.11241446725317693,0.004203608548572338,1.037393839523387,0.1434433010158499
down_5pct_5d,5,7,303,46,0.15181518151815182,3069,0.11241446725317693,0.03940071426497489,1.3504950495049506,0.1434433010158499
down_5pct_5d,5,8,250,32,0.128,3069,0.11241446725317693,0.015585532746823075,1.1386434782608696,0.1434433010158499
down_5pct_5d,5,9,243,44,0.18106995884773663,3069,0.11241446725317693,0.0686554915945597,1.6107353730542138,0.1434433010158499
down_5pct_5d,5,10,177,19,0.10734463276836158,3069,0.11241446725317693,-0.00506983448481535,0.954900515843773,0.1434433010158499
down_5pct_5d,6,1,306,33,0.10784313725490197,2973,0.11873528422468886,-0.010892146969786895,0.9082652891184804,0.1434433010158499
down_5pct_5d,6,2,506,45,0.08893280632411067,2973,0.11873528422468886,-0.02980247790057819,0.7490006606277083,0.1434433010158499
down_5pct_5d,6,3,348,21,0.0603448275862069,2973,0.11873528422468886,-0.05839045663848196,0.508229950180717,0.1434433010158499
down_5pct_5d,6,4,334,44,0.1317365269461078,2973,0.11873528422468886,0.013001242721418935,1.1094977184441317,0.1434433010158499
down_5pct_5d,6,5,232,27,0.11637931034482758,2973,0.11873528422468886,-0.0023559738798612784,0.9801577610628114,0.1434433010158499
down_5pct_5d,6,6,323,27,0.08359133126934984,2973,0.11873528422468886,-0.03514395295533902,0.7040142432401617,0.1434433010158499
down_5pct_5d,6,7,280,45,0.16071428571428573,2973,0.11873528422468886,0.041979001489596865,1.3535511938486444,0.1434433010158499
down_5pct_5d,6,8,208,30,0.14423076923076922,2973,0.11873528422468886,0.025495485006080357,1.2147254303769883,0.1434433010158499
down_5pct_5d,6,9,255,57,0.2235294117647059,2973,0.11873528422468886,0.10479412754001703,1.8825862356273957,0.1434433010158499
down_5pct_5d,6,10,181,24,0.13259668508287292,2973,0.11873528422468886,0.013861400858184061,1.11674205312006,0.1434433010158499
down_5pct_5d,7,1,351,39,0.1111111111111111,3021,0.11287653095001655,-0.0017654198389054493,0.9843597262952101,0.1434433010158499
down_5pct_5d,7,2,540,39,0.07222222222222222,3021,0.11287653095001655,-0.04065430872779434,0.6398338220918866,0.1434433010158499
down_5pct_5d,7,3,332,25,0.07530120481927711,3021,0.11287653095001655,-0.03757532613073944,0.6671112602904287,0.1434433010158499
down_5pct_5d,7,4,274,22,0.08029197080291971,3021,0.11287653095001655,-0.03258456014709685,0.7113256416293854,0.1434433010158499
down_5pct_5d,7,5,244,35,0.14344262295081966,3021,0.11287653095001655,0.03056609200080311,1.2707922696024228,0.1434433010158499
down_5pct_5d,7,6,340,35,0.10294117647058823,3021,0.11287653095001655,-0.009935354479428324,0.9119803346558564,0.1434433010158499
down_5pct_5d,7,7,292,39,0.13356164383561644,3021,0.11287653095001655,0.02068511288559989,1.1832543285260917,0.1434433010158499
down_5pct_5d,7,8,208,34,0.16346153846153846,3021,0.11287653095001655,0.05058500751152191,1.4481445973381457,0.1434433010158499
down_5pct_5d,7,9,272,44,0.16176470588235295,3021,0.11287653095001655,0.048888174932336395,1.433111954459203,0.1434433010158499
down_5pct_5d,7,10,168,29,0.17261904761904762,3021,0.11287653095001655,0.05974251666903106,1.52927314620863,0.1434433010158499
down_5pct_5d,8,1,364,51,0.1401098901098901,3025,0.1196694214876033,0.02044046862228681,1.1708077833768442,0.1434433010158499
down_5pct_5d,8,2,487,48,0.09856262833675565,3025,0.1196694214876033,-0.021106793150847653,0.8236241732560382,0.1434433010158499
down_5pct_5d,8,3,338,23,0.06804733727810651,3025,0.1196694214876033,-0.051622084209496794,0.5686276112327961,0.1434433010158499
down_5pct_5d,8,4,283,44,0.15547703180212014,3025,0.1196694214876033,0.03580761031451683,1.2992210530425785,0.1434433010158499
down_5pct_5d,8,5,226,36,0.1592920353982301,3025,0.1196694214876033,0.03962261391062678,1.331100572043221,0.1434433010158499
down_5pct_5d,8,6,366,25,0.06830601092896176,3025,0.1196694214876033,-0.05136341055864155,0.5707891797240588,0.1434433010158499
down_5pct_5d,8,7,315,50,0.15873015873015872,3025,0.1196694214876033,0.03906073724255542,1.3264053319301938,0.1434433010158499
down_5pct_5d,8,8,225,19,0.08444444444444445,3025,0.1196694214876033,-0.035224977043158856,0.7056476365868631,0.1434433010158499
down_5pct_5d,8,9,259,34,0.13127413127413126,3025,0.1196694214876033,0.011604709786527959,1.0969730582990251,0.1434433010158499
down_5pct_5d,8,10,162,32,0.19753086419753085,3025,0.1196694214876033,0.07786144270992755,1.650637746402019,0.1434433010158499
down_5pct_5d,9,1,366,53,0.1448087431693989,3007,0.14898570003325573,-0.004176956863856829,0.9719640417642467,0.1434433010158499
down_5pct_5d,9,2,426,35,0.08215962441314555,3007,0.14898570003325573,-0.06682607562011018,0.5514598004694836,0.1434433010158499
down_5pct_5d,9,3,299,32,0.10702341137123746,3007,0.14898570003325573,-0.041962288662018274,0.7183468705207836,0.1434433010158499
down_5pct_5d,9,4,249,49,0.19678714859437751,3007,0.14898570003325573,0.047801448561121784,1.3208458835341366,0.1434433010158499
down_5pct_5d,9,5,276,55,0.19927536231884058,3007,0.14898570003325573,0.050289662285584846,1.3375469073498965,0.1434433010158499
down_5pct_5d,9,6,358,44,0.12290502793296089,3007,0.14898570003325573,-0.02608067210029484,0.8249451316839586,0.1434433010158499
down_5pct_5d,9,7,310,59,0.19032258064516128,3007,0.14898570003325573,0.041336880611905547,1.277455357142857,0.1434433010158499
down_5pct_5d,9,8,212,18,0.08490566037735849,3007,0.14898570003325573,-0.06408003965589724,0.5698913409703504,0.1434433010158499
down_5pct_5d,9,9,330,64,0.19393939393939394,3007,0.14898570003325573,0.04495369390613821,1.3017316017316019,0.1434433010158499
down_5pct_5d,9,10,181,39,0.2154696132596685,3007,0.14898570003325573,0.06648391322641278,1.4462435872138912,0.1434433010158499
down_5pct_5d,10,1,451,81,0.17960088691796008,3147,0.22974261201143947,-0.05014172509347939,0.7817482588254777,0.1434433010158499
down_5pct_5d,10,2,265,34,0.12830188679245283,3147,0.22974261201143947,-0.10144072521898664,0.5584592499804274,0.1434433010158499
down_5pct_5d,10,3,298,46,0.15436241610738255,3147,0.22974261201143947,-0.07538019590405692,0.6718928402350386,0.1434433010158499
down_5pct_5d,10,4,274,74,0.27007299270072993,3147,0.22974261201143947,0.04033038068929046,1.17554593088409,0.1434433010158499
down_5pct_5d,10,5,384,123,0.3203125,3147,0.22974261201143947,0.09056988798856053,1.3942232883817427,0.1434433010158499
down_5pct_5d,10,6,306,75,0.24509803921568626,3147,0.22974261201143947,0.015355427204246791,1.0668375233910992,0.1434433010158499
down_5pct_5d,10,7,399,102,0.2556390977443609,3147,0.22974261201143947,0.025896485732921415,1.1127195582316787,0.1434433010158499
down_5pct_5d,10,8,217,37,0.17050691244239632,3147,0.22974261201143947,-0.05923569956904315,0.7421649425397251,0.1434433010158499
down_5pct_5d,10,9,332,94,0.28313253012048195,3147,0.22974261201143947,0.05338991810904248,1.2323901414787783,0.1434433010158499
down_5pct_5d,10,10,221,57,0.2579185520361991,3147,0.22974261201143947,0.02817594002475965,1.1226413323069413,0.1434433010158499
down_7pct_5d,1,1,367,41,0.11171662125340599,2918,0.13296778615490062,-0.021251164901494632,0.8401780948903058,0.08431223321531385
down_7pct_5d,1,2,216,35,0.16203703703703703,2918,0.13296778615490062,0.02906925088213641,1.2186187476135928,0.08431223321531385
down_7pct_5d,1,3,179,19,0.10614525139664804,2918,0.13296778615490062,-0.02682253475825258,0.7982779473593272,0.08431223321531385
down_7pct_5d,1,4,233,19,0.0815450643776824,2918,0.13296778615490062,-0.051422721777218225,0.6132693243661784,0.08431223321531385
down_7pct_5d,1,5,404,84,0.2079207920792079,2918,0.13296778615490062,0.07495300592430729,1.5636929672348676,0.08431223321531385
down_7pct_5d,1,6,269,42,0.15613382899628253,2918,0.13296778615490062,0.023166042841381906,1.1742229716782278,0.08431223321531385
down_7pct_5d,1,7,372,34,0.0913978494623656,2918,0.13296778615490062,-0.04156993669253503,0.687368362709234,0.08431223321531385
down_7pct_5d,1,8,169,11,0.0650887573964497,2918,0.13296778615490062,-0.06787902875845092,0.4895077167083511,0.08431223321531385
down_7pct_5d,1,9,403,51,0.12655086848635236,2918,0.13296778615490062,-0.0064169176685482665,0.9517408099050932,0.08431223321531385
down_7pct_5d,1,10,306,52,0.16993464052287582,2918,0.13296778615490062,0.0369668543679752,1.2780136109426588,0.08431223321531385
down_7pct_5d,2,1,344,20,0.05813953488372093,3013,0.07865914371058745,-0.02051960882686652,0.7391325679521147,0.08431223321531385
down_7pct_5d,2,2,283,21,0.07420494699646643,3013,0.07865914371058745,-0.00445419671412102,0.9433734400858792,0.08431223321531385
down_7pct_5d,2,3,284,15,0.0528169014084507,3013,0.07865914371058745,-0.025842242302136748,0.6714655018719915,0.08431223321531385
down_7pct_5d,2,4,313,16,0.051118210862619806,3013,0.07865914371058745,-0.027540932847967645,0.6498699127809008,0.08431223321531385
down_7pct_5d,2,5,252,31,0.12301587301587301,3013,0.07865914371058745,0.04435672930528556,1.5639106556828075,0.08431223321531385
down_7pct_5d,2,6,297,24,0.08080808080808081,3013,0.07865914371058745,0.002148937097493364,1.0273196095980908,0.08431223321531385
down_7pct_5d,2,7,398,31,0.07788944723618091,3013,0.07865914371058745,-0.0007696964744065421,0.9902147870152451,0.08431223321531385
down_7pct_5d,2,8,249,18,0.07228915662650602,3013,0.07865914371058745,-0.00636998708408143,0.9190178435260028,0.08431223321531385
down_7pct_5d,2,9,386,47,0.12176165803108809,3013,0.07865914371058745,0.043102514320500634,1.5479657200323562,0.08431223321531385
down_7pct_5d,2,10,207,14,0.06763285024154589,3013,0.07865914371058745,-0.011026293469041562,0.8598218471636193,0.08431223321531385
down_7pct_5d,3,1,378,29,0.07671957671957672,3018,0.07886017229953611,-0.002140595579959395,0.9728558089902628,0.08431223321531385
down_7pct_5d,3,2,319,21,0.06583072100313479,3018,0.07886017229953611,-0.013029451296401318,0.8347777982666421,0.08431223321531385
down_7pct_5d,3,3,323,18,0.05572755417956656,3018,0.07886017229953611,-0.02313261811996955,0.7066628508988735,0.08431223321531385
down_7pct_5d,3,4,345,15,0.043478260869565216,3018,0.07886017229953611,-0.035381911429970894,0.5513335769090245,0.08431223321531385
down_7pct_5d,3,5,233,26,0.11158798283261803,3018,0.07886017229953611,0.03272781053308192,1.4150106394489128,0.08431223321531385
down_7pct_5d,3,6,281,22,0.07829181494661921,3018,0.07886017229953611,-0.0005683573529168956,0.9927928466760371,0.08431223321531385
down_7pct_5d,3,7,299,30,0.10033444816053512,3018,0.07886017229953611,0.02147427586099901,1.2723082544054412,0.08431223321531385
down_7pct_5d,3,8,280,12,0.04285714285714286,3018,0.07886017229953611,-0.03600302944239325,0.5434573829531814,0.08431223321531385
down_7pct_5d,3,9,337,44,0.13056379821958458,3018,0.07886017229953611,0.05170362592004847,1.655636735406329,0.08431223321531385
down_7pct_5d,3,10,223,21,0.09417040358744394,3018,0.07886017229953611,0.01531023128790783,1.1941440253231337,0.08431223321531385
down_7pct_5d,4,1,396,21,0.05303030303030303,3030,0.058745874587458745,-0.005715571557155713,0.9027068437180797,0.08431223321531385
down_7pct_5d,4,2,407,13,0.03194103194103194,3030,0.058745874587458745,-0.026804842646426803,0.5437153189962179,0.08431223321531385
down_7pct_5d,4,3,347,15,0.043227665706051875,3030,0.058745874587458745,-0.01551820888140687,0.7358417252209954,0.08431223321531385
down_7pct_5d,4,4,307,14,0.04560260586319218,3030,0.058745874587458745,-0.013143268724266563,0.7762690773341141,0.08431223321531385
down_7pct_5d,4,5,258,17,0.06589147286821706,3030,0.058745874587458745,0.0071455982807583154,1.1216357460151556,0.08431223321531385
down_7pct_5d,4,6,315,15,0.047619047619047616,3030,0.058745874587458745,-0.011126826968411128,0.8105939004815409,0.08431223321531385
down_7pct_5d,4,7,271,27,0.0996309963099631,3030,0.058745874587458745,0.04088512172250435,1.695965836062855,0.08431223321531385
down_7pct_5d,4,8,262,14,0.05343511450381679,3030,0.058745874587458745,-0.005310760083641952,0.9095977356548589,0.08431223321531385
down_7pct_5d,4,9,284,28,0.09859154929577464,3030,0.058745874587458745,0.0398456747083159,1.6782718784617818,0.08431223321531385
down_7pct_5d,4,10,183,14,0.07650273224043716,3030,0.058745874587458745,0.017756857652978415,1.3022656106096888,0.08431223321531385
down_7pct_5d,5,1,362,19,0.052486187845303865,3069,0.06516780710329098,-0.012681619257987116,0.8054005524861877,0.08431223321531385
down_7pct_5d,5,2,507,22,0.04339250493096647,3069,0.06516780710329098,-0.021775302172324512,0.6658579881656804,0.08431223321531385
down_7pct_5d,5,3,321,11,0.03426791277258567,3069,0.06516780710329098,-0.030899894330705314,0.525841121495327,0.08431223321531385
down_7pct_5d,5,4,309,20,0.06472491909385113,3069,0.06516780710329098,-0.00044288800943985407,0.9932038834951454,0.08431223321531385
down_7pct_5d,5,5,254,25,0.0984251968503937,3069,0.06516780710329098,0.033257389747102725,1.5103346456692912,0.08431223321531385
down_7pct_5d,5,6,343,21,0.061224489795918366,3069,0.06516780710329098,-0.003943317307372615,0.9394897959183672,0.08431223321531385
down_7pct_5d,5,7,303,29,0.09570957095709572,3069,0.06516780710329098,0.030541763853804735,1.4686633663366335,0.08431223321531385
down_7pct_5d,5,8,250,16,0.064,3069,0.06516780710329098,-0.0011678071032909798,0.98208,0.08431223321531385
down_7pct_5d,5,9,243,25,0.102880658436214,3069,0.06516780710329098,0.037712851332923014,1.5787037037037035,0.08431223321531385
down_7pct_5d,5,10,177,12,0.06779661016949153,3069,0.06516780710329098,0.002628803066200544,1.0403389830508474,0.08431223321531385
down_7pct_5d,6,1,306,18,0.058823529411764705,2973,0.06458123107971746,-0.005757701667952753,0.910845588235294,0.08431223321531385
down_7pct_5d,6,2,506,21,0.041501976284584984,2973,0.06458123107971746,-0.023079254795132474,0.6426321640316206,0.08431223321531385
down_7pct_5d,6,3,348,12,0.034482758620689655,2973,0.06458123107971746,-0.030098472459027803,0.5339439655172413,0.08431223321531385
down_7pct_5d,6,4,334,24,0.0718562874251497,2973,0.06458123107971746,0.00727505634543224,1.1126497005988023,0.08431223321531385
down_7pct_5d,6,5,232,16,0.06896551724137931,2973,0.06458123107971746,0.004384286161661852,1.0678879310344827,0.08431223321531385
down_7pct_5d,6,6,323,13,0.04024767801857585,2973,0.06458123107971746,-0.024333553061141606,0.6232101393188855,0.08431223321531385
down_7pct_5d,6,7,280,23,0.08214285714285714,2973,0.06458123107971746,0.017561626063139685,1.2719308035714285,0.08431223321531385
down_7pct_5d,6,8,208,20,0.09615384615384616,2973,0.06458123107971746,0.0315726150741287,1.4888822115384617,0.08431223321531385
down_7pct_5d,6,9,255,29,0.11372549019607843,2973,0.06458123107971746,0.04914425911636097,1.760968137254902,0.08431223321531385
down_7pct_5d,6,10,181,16,0.08839779005524862,2973,0.06458123107971746,0.023816558975531157,1.3687845303867403,0.08431223321531385
down_7pct_5d,7,1,351,18,0.05128205128205128,3021,0.06090698444223767,-0.009624933160186387,0.8419732441471572,0.08431223321531385
down_7pct_5d,7,2,540,25,0.046296296296296294,3021,0.06090698444223767,-0.014610688145941374,0.7601147342995169,0.08431223321531385
down_7pct_5d,7,3,332,15,0.045180722891566265,3021,0.06090698444223767,-0.015726261550671403,0.7417987166055526,0.08431223321531385
down_7pct_5d,7,4,274,10,0.0364963503649635,3021,0.06090698444223767,-0.024410634077274167,0.5992145350682323,0.08431223321531385
down_7pct_5d,7,5,244,19,0.0778688524590164,3021,0.06090698444223767,0.01696186801677873,1.2784880612972203,0.08431223321531385
down_7pct_5d,7,6,340,15,0.04411764705882353,3021,0.06090698444223767,-0.016789337383414135,0.7243446291560103,0.08431223321531385
down_7pct_5d,7,7,292,24,0.0821917808219178,3021,0.06090698444223767,0.021284796379680136,1.3494639666468136,0.08431223321531385
down_7pct_5d,7,8,208,17,0.08173076923076923,3021,0.06090698444223767,0.020823784788531564,1.3418948578595318,0.08431223321531385
down_7pct_5d,7,9,272,22,0.08088235294117647,3021,0.06090698444223767,0.019975368498938807,1.3279651534526855,0.08431223321531385
down_7pct_5d,7,10,168,19,0.1130952380952381,3021,0.06090698444223767,0.05218825365300043,1.8568517080745341,0.08431223321531385
down_7pct_5d,8,1,364,24,0.06593406593406594,3025,0.06413223140495868,0.0018018345291072602,1.0280956157244818,0.08431223321531385
down_7pct_5d,8,2,487,20,0.04106776180698152,3025,0.06413223140495868,-0.023064469597977158,0.6403607188975211,0.08431223321531385
down_7pct_5d,8,3,338,10,0.029585798816568046,3025,0.06413223140495868,-0.03454643258839063,0.4613249557738059,0.08431223321531385
down_7pct_5d,8,4,283,25,0.08833922261484099,3025,0.06413223140495868,0.024206991209882317,1.3774543732468763,0.08431223321531385
down_7pct_5d,8,5,226,19,0.084070796460177,3025,0.06413223140495868,0.01993856505521832,1.310897728309461,0.08431223321531385
down_7pct_5d,8,6,366,13,0.03551912568306011,3025,0.06413223140495868,-0.02861310572189857,0.5538420370683341,0.08431223321531385
down_7pct_5d,8,7,315,34,0.10793650793650794,3025,0.06413223140495868,0.043804276531549266,1.683030600556374,0.08431223321531385
down_7pct_5d,8,8,225,13,0.057777777777777775,3025,0.06413223140495868,-0.0063544536271809005,0.9009163802978236,0.08431223321531385
down_7pct_5d,8,9,259,17,0.06563706563706563,3025,0.06413223140495868,0.0015048342321069552,1.0234645543923895,0.08431223321531385
down_7pct_5d,8,10,162,19,0.11728395061728394,3025,0.06413223140495868,0.05315171921232527,1.8287832506045565,0.08431223321531385
down_7pct_5d,9,1,366,33,0.09016393442622951,3007,0.08713002993016296,0.003033904496066553,1.0348204229758478,0.08431223321531385
down_7pct_5d,9,2,426,21,0.04929577464788732,3007,0.08713002993016296,-0.03783425528227564,0.5657724975809052,0.08431223321531385
down_7pct_5d,9,3,299,14,0.046822742474916385,3007,0.08713002993016296,-0.040307287455246574,0.5373892619163113,0.08431223321531385
down_7pct_5d,9,4,249,30,0.12048192771084337,3007,0.08713002993016296,0.033351897780680415,1.3827830405591832,0.08431223321531385
down_7pct_5d,9,5,276,33,0.11956521739130435,3007,0.08713002993016296,0.03243518746114139,1.3722618652505807,0.08431223321531385
down_7pct_5d,9,6,358,23,0.06424581005586592,3007,0.08713002993016296,-0.022884219874297035,0.7373555375495756,0.08431223321531385
down_7pct_5d,9,7,310,38,0.12258064516129032,3007,0.08713002993016296,0.03545061523112736,1.4068702290076334,0.08431223321531385
down_7pct_5d,9,8,212,9,0.04245283018867924,3007,0.08713002993016296,-0.044677199741483715,0.4872353449517499,0.08431223321531385
down_7pct_5d,9,9,330,36,0.10909090909090909,3007,0.08713002993016296,0.021960879160746127,1.2520471894517695,0.08431223321531385
down_7pct_5d,9,10,181,25,0.13812154696132597,3007,0.08713002993016296,0.05099151703116302,1.5852347011935388,0.08431223321531385
down_7pct_5d,10,1,451,45,0.09977827050997783,3147,0.1509374006990785,-0.05115913018910066,0.661057299568211,0.08431223321531385
down_7pct_5d,10,2,265,18,0.06792452830188679,3147,0.1509374006990785,-0.0830128723971917,0.4500178748758689,0.08431223321531385
down_7pct_5d,10,3,298,27,0.09060402684563758,3147,0.1509374006990785,-0.06033337385344091,0.6002755210173083,0.08431223321531385
down_7pct_5d,10,4,274,43,0.15693430656934307,3147,0.1509374006990785,0.0059969058702645794,1.0397310795236265,0.08431223321531385
down_7pct_5d,10,5,384,90,0.234375,3147,0.1509374006990785,0.08343759930092151,1.552796052631579,0.08431223321531385
down_7pct_5d,10,6,306,56,0.1830065359477124,3147,0.1509374006990785,0.03206913524863392,1.2124664602683177,0.08431223321531385
down_7pct_5d,10,7,399,62,0.15538847117794485,3147,0.1509374006990785,0.004451070478866365,1.0294895132568262,0.08431223321531385
down_7pct_5d,10,8,217,24,0.11059907834101383,3147,0.1509374006990785,-0.04033832235806466,0.7327479990298327,0.08431223321531385
down_7pct_5d,10,9,332,66,0.19879518072289157,3147,0.1509374006990785,0.04785778002381308,1.3170703868103995,0.08431223321531385
down_7pct_5d,10,10,221,44,0.19909502262443438,3147,0.1509374006990785,0.04815762192535589,1.319056918313884,0.08431223321531385
down_10pct_5d,1,1,367,24,0.0653950953678474,2918,0.07333790267306374,-0.007942807305216334,0.8916957396419567,0.04119651897687039
down_10pct_5d,1,2,216,25,0.11574074074074074,2918,0.07333790267306374,0.042402838067677,1.578184492904119,0.04119651897687039
down_10pct_5d,1,3,179,12,0.0670391061452514,2918,0.07333790267306374,-0.006298796527812345,0.9141126716441289,0.04119651897687039
down_10pct_5d,1,4,233,6,0.02575107296137339,2918,0.07333790267306374,-0.04758682971169035,0.3511291163611568,0.04119651897687039
down_10pct_5d,1,5,404,59,0.14603960396039603,2918,0.07333790267306374,0.07270170128733229,1.9913250670861478,0.04119651897687039
down_10pct_5d,1,6,269,15,0.055762081784386616,2918,0.07333790267306374,-0.017575820888677124,0.7603446478824306,0.04119651897687039
down_10pct_5d,1,7,372,18,0.04838709677419355,2918,0.07333790267306374,-0.024950805898870193,0.6597829363883027,0.04119651897687039
down_10pct_5d,1,8,169,7,0.04142011834319527,2918,0.07333790267306374,-0.03191778432986847,0.5647846043245037,0.04119651897687039
down_10pct_5d,1,9,403,27,0.06699751861042183,2918,0.07333790267306374,-0.00634038406264191,0.9135456042299575,0.04119651897687039
down_10pct_5d,1,10,306,21,0.06862745098039216,2918,0.07333790267306374,-0.004710451692671577,0.9357705699102071,0.04119651897687039
down_10pct_5d,2,1,344,10,0.029069767441860465,3013,0.03484898771988052,-0.0057792202780200565,0.8341638981173864,0.04119651897687039
down_10pct_5d,2,2,283,14,0.04946996466431095,3013,0.03484898771988052,0.01462097694443043,1.419552414605418,0.04119651897687039
down_10pct_5d,2,3,284,7,0.02464788732394366,3013,0.03484898771988052,-0.01020110039593686,0.7072769953051642,0.04119651897687039
down_10pct_5d,2,4,313,5,0.01597444089456869,3013,0.03484898771988052,-0.018874546825311832,0.45839038490795675,0.04119651897687039
down_10pct_5d,2,5,252,19,0.07539682539682539,3013,0.03484898771988052,0.04054783767694487,2.163529856386999,0.04119651897687039
down_10pct_5d,2,6,297,10,0.03367003367003367,3013,0.03484898771988052,-0.0011789540498468518,0.9661696328362994,0.04119651897687039
down_10pct_5d,2,7,398,11,0.02763819095477387,3013,0.03484898771988052,-0.00721079676510665,0.793084469968892,0.04119651897687039
down_10pct_5d,2,8,249,3,0.012048192771084338,3013,0.03484898771988052,-0.022800794948796183,0.34572576018359147,0.04119651897687039
down_10pct_5d,2,9,386,20,0.05181347150259067,3013,0.03484898771988052,0.01696448378271015,1.4867999013076731,0.04119651897687039
down_10pct_5d,2,10,207,6,0.028985507246376812,3013,0.03484898771988052,-0.005863480473503709,0.8317460317460317,0.04119651897687039
down_10pct_5d,3,1,378,19,0.05026455026455026,3018,0.03479125248508946,0.015473297779460798,1.4447467876039304,0.04119651897687039
down_10pct_5d,3,2,319,8,0.025078369905956112,3018,0.03479125248508946,-0.009712882579133351,0.7208240035826242,0.04119651897687039
down_10pct_5d,3,3,323,10,0.030959752321981424,3018,0.03479125248508946,-0.003831500163108039,0.8898717381689518,0.04119651897687039
down_10pct_5d,3,4,345,3,0.008695652173913044,3018,0.03479125248508946,-0.02609560031117642,0.24993788819875776,0.04119651897687039
down_10pct_5d,3,5,233,14,0.060085836909871244,3018,0.03479125248508946,0.02529458442478178,1.727038626609442,0.04119651897687039
down_10pct_5d,3,6,281,10,0.03558718861209965,3018,0.03479125248508946,0.0007959361270101842,1.0228774783934926,0.04119651897687039
down_10pct_5d,3,7,299,8,0.026755852842809364,3018,0.03479125248508946,-0.0080353996422801,0.7690396559961777,0.04119651897687039
down_10pct_5d,3,8,280,6,0.02142857142857143,3018,0.03479125248508946,-0.013362681056518035,0.6159183673469388,0.04119651897687039
down_10pct_5d,3,9,337,16,0.04747774480712166,3018,0.03479125248508946,0.0126864923220322,1.3646460364561255,0.04119651897687039
down_10pct_5d,3,10,223,11,0.04932735426008968,3018,0.03479125248508946,0.01453610177500022,1.4178090967328634,0.04119651897687039
down_10pct_5d,4,1,396,9,0.022727272727272728,3030,0.025082508250825083,-0.002355235523552355,0.9061004784688995,0.04119651897687039
down_10pct_5d,4,2,407,5,0.012285012285012284,3030,0.025082508250825083,-0.012797495965812799,0.48978404241562135,0.04119651897687039
down_10pct_5d,4,3,347,9,0.025936599423631124,3030,0.025082508250825083,0.0008540911728060416,1.0340512664947672,0.04119651897687039
down_10pct_5d,4,4,307,1,0.003257328990228013,3030,0.025082508250825083,-0.02182517926059707,0.12986456368935367,0.04119651897687039
down_10pct_5d,4,5,258,11,0.04263565891472868,3030,0.025082508250825083,0.0175531506639036,1.6998164014687882,0.04119651897687039
down_10pct_5d,4,6,315,8,0.025396825396825397,3030,0.025082508250825083,0.000314317146000314,1.012531328320802,0.04119651897687039
down_10pct_5d,4,7,271,8,0.02952029520295203,3030,0.025082508250825083,0.004437786952126946,1.1769275587492716,0.04119651897687039
down_10pct_5d,4,8,262,6,0.022900763358778626,3030,0.025082508250825083,-0.002181744892046457,0.9130172760144636,0.04119651897687039
down_10pct_5d,4,9,284,10,0.035211267605633804,3030,0.025082508250825083,0.010128759354808722,1.4038176426982951,0.04119651897687039
down_10pct_5d,4,10,183,9,0.04918032786885246,3030,0.025082508250825083,0.024097819618027375,1.960742018981881,0.04119651897687039
down_10pct_5d,5,1,362,12,0.03314917127071823,3069,0.033235581622678395,-8.641035196016444e-05,0.9974000649983751,0.04119651897687039
down_10pct_5d,5,2,507,13,0.02564102564102564,3069,0.033235581622678395,-0.007594555981652755,0.7714932126696833,0.04119651897687039
down_10pct_5d,5,3,321,4,0.012461059190031152,3069,0.033235581622678395,-0.02077452243264724,0.3749312809235844,0.04119651897687039
down_10pct_5d,5,4,309,12,0.038834951456310676,3069,0.033235581622678395,0.005599369833632281,1.1684751570531124,0.04119651897687039
down_10pct_5d,5,5,254,12,0.047244094488188976,3069,0.033235581622678395,0.01400851286551058,1.4214914312181566,0.04119651897687039
down_10pct_5d,5,6,343,11,0.03206997084548105,3069,0.033235581622678395,-0.0011656107771973456,0.9649288286743269,0.04119651897687039
down_10pct_5d,5,7,303,11,0.036303630363036306,3069,0.033235581622678395,0.0030680487403579107,1.0923121723937101,0.04119651897687039
down_10pct_5d,5,8,250,9,0.036,3069,0.033235581622678395,0.002764418377321602,1.0831764705882352,0.04119651897687039
down_10pct_5d,5,9,243,11,0.04526748971193416,3069,0.033235581622678395,0.012031908089255763,1.362018881626725,0.04119651897687039
down_10pct_5d,5,10,177,7,0.03954802259887006,3069,0.033235581622678395,0.006312440976191665,1.1899302093718844,0.04119651897687039
down_10pct_5d,6,1,306,11,0.03594771241830065,2973,0.029263370332996974,0.006684342085303677,1.2284201036736533,0.04119651897687039
down_10pct_5d,6,2,506,11,0.021739130434782608,2973,0.029263370332996974,-0.007524239898214366,0.7428785607196401,0.04119651897687039
down_10pct_5d,6,3,348,4,0.011494252873563218,2973,0.029263370332996974,-0.017769117459433756,0.39278636543797063,0.04119651897687039
down_10pct_5d,6,4,334,10,0.029940119760479042,2973,0.029263370332996974,0.0006767494274820679,1.023126161470163,0.04119651897687039
down_10pct_5d,6,5,232,11,0.04741379310344827,2973,0.029263370332996974,0.0181504227704513,1.6202437574316289,0.04119651897687039
down_10pct_5d,6,6,323,4,0.01238390092879257,2973,0.029263370332996974,-0.016879469404204404,0.42318778691149783,0.04119651897687039
down_10pct_5d,6,7,280,10,0.03571428571428571,2973,0.029263370332996974,0.006450915381288738,1.2204433497536944,0.04119651897687039
down_10pct_5d,6,8,208,6,0.028846153846153848,2973,0.029263370332996974,-0.00041721648684312634,0.9857427055702918,0.04119651897687039
down_10pct_5d,6,9,255,9,0.03529411764705882,2973,0.029263370332996974,0.006030747314061849,1.2060851926977687,0.04119651897687039
down_10pct_5d,6,10,181,11,0.06077348066298342,2973,0.029263370332996974,0.03151011032998645,2.0767765288626405,0.04119651897687039
down_10pct_5d,7,1,351,8,0.022792022792022793,3021,0.029791459781529295,-0.006999436989506502,0.7650522317188984,0.04119651897687039
down_10pct_5d,7,2,540,12,0.022222222222222223,3021,0.029791459781529295,-0.007569237559307072,0.745925925925926,0.04119651897687039
down_10pct_5d,7,3,332,7,0.02108433734939759,3021,0.029791459781529295,-0.008707122432131707,0.7077309236947791,0.04119651897687039
down_10pct_5d,7,4,274,5,0.01824817518248175,3021,0.029791459781529295,-0.011543284599047545,0.612530413625304,0.04119651897687039
down_10pct_5d,7,5,244,14,0.05737704918032787,3021,0.029791459781529295,0.027585589398798575,1.9259562841530056,0.04119651897687039
down_10pct_5d,7,6,340,8,0.023529411764705882,3021,0.029791459781529295,-0.006262048016823413,0.7898039215686274,0.04119651897687039
down_10pct_5d,7,7,292,13,0.04452054794520548,3021,0.029791459781529295,0.014729088163676182,1.4944063926940638,0.04119651897687039
down_10pct_5d,7,8,208,7,0.03365384615384615,3021,0.029791459781529295,0.003862386372316857,1.1296474358974358,0.04119651897687039
down_10pct_5d,7,9,272,9,0.03308823529411765,3021,0.029791459781529295,0.003296775512588352,1.1106617647058823,0.04119651897687039
down_10pct_5d,7,10,168,7,0.041666666666666664,3021,0.029791459781529295,0.011875206885137369,1.398611111111111,0.04119651897687039
down_10pct_5d,8,1,364,9,0.024725274725274724,3025,0.026446280991735537,-0.0017210062664608124,0.9349244505494505,0.04119651897687039
down_10pct_5d,8,2,487,7,0.014373716632443531,3025,0.026446280991735537,-0.012072564359292005,0.543506160164271,0.04119651897687039
down_10pct_5d,8,3,338,4,0.011834319526627219,3025,0.026446280991735537,-0.014611961465108318,0.4474852071005917,0.04119651897687039
down_10pct_5d,8,4,283,9,0.03180212014134275,3025,0.026446280991735537,0.005355839149607217,1.2025176678445229,0.04119651897687039
down_10pct_5d,8,5,226,8,0.035398230088495575,3025,0.026446280991735537,0.008951949096760038,1.3384955752212389,0.04119651897687039
down_10pct_5d,8,6,366,6,0.01639344262295082,3025,0.026446280991735537,-0.010052838368784716,0.6198770491803279,0.04119651897687039
down_10pct_5d,8,7,315,21,0.06666666666666667,3025,0.026446280991735537,0.04022038567493113,2.5208333333333335,0.04119651897687039
down_10pct_5d,8,8,225,3,0.013333333333333334,3025,0.026446280991735537,-0.013112947658402202,0.5041666666666668,0.04119651897687039
down_10pct_5d,8,9,259,7,0.02702702702702703,3025,0.026446280991735537,0.000580746035291492,1.0219594594594597,0.04119651897687039
down_10pct_5d,8,10,162,6,0.037037037037037035,3025,0.026446280991735537,0.010590756045301498,1.400462962962963,0.04119651897687039
down_10pct_5d,9,1,366,10,0.0273224043715847,3007,0.03857665447289658,-0.01125425010131188,0.7082626719427171,0.04119651897687039
down_10pct_5d,9,2,426,8,0.018779342723004695,3007,0.03857665447289658,-0.019797311749891883,0.4868058928282337,0.04119651897687039
down_10pct_5d,9,3,299,6,0.020066889632107024,3007,0.03857665447289658,-0.018509764840789554,0.5201822165840156,0.04119651897687039
down_10pct_5d,9,4,249,15,0.060240963855421686,3007,0.03857665447289658,0.02166430938252511,1.5615911923556294,0.04119651897687039
down_10pct_5d,9,5,276,18,0.06521739130434782,3007,0.03857665447289658,0.026640736831451246,1.6905922038980508,0.04119651897687039
down_10pct_5d,9,6,358,10,0.027932960893854747,3007,0.03857665447289658,-0.010643693579041831,0.7240897707570795,0.04119651897687039
down_10pct_5d,9,7,310,16,0.05161290322580645,3007,0.03857665447289658,0.013036248752909874,1.3379310344827584,0.04119651897687039
down_10pct_5d,9,8,212,6,0.02830188679245283,3007,0.03857665447289658,-0.010274767680443747,0.7336532205595315,0.04119651897687039
down_10pct_5d,9,9,330,19,0.05757575757575758,3007,0.03857665447289658,0.018999103102861,1.4925026123301985,0.04119651897687039
down_10pct_5d,9,10,181,8,0.04419889502762431,3007,0.03857665447289658,0.00562224055472773,1.1457420461040198,0.04119651897687039
down_10pct_5d,10,1,451,28,0.06208425720620843,3147,0.08579599618684461,-0.02371173898063618,0.7236265089923627,0.04119651897687039
down_10pct_5d,10,2,265,9,0.033962264150943396,3147,0.08579599618684461,-0.05183373203590121,0.3958490566037736,0.04119651897687039
down_10pct_5d,10,3,298,13,0.0436241610738255,3147,0.08579599618684461,-0.042171835113019106,0.5084638329604773,0.04119651897687039
down_10pct_5d,10,4,274,17,0.06204379562043796,3147,0.08579599618684461,-0.023752200566406652,0.7231549067315491,0.04119651897687039
down_10pct_5d,10,5,384,61,0.15885416666666666,3147,0.08579599618684461,0.07305817047982205,1.8515335648148148,0.04119651897687039
down_10pct_5d,10,6,306,38,0.12418300653594772,3147,0.08579599618684461,0.03838701034910311,1.4474219317356574,0.04119651897687039
down_10pct_5d,10,7,399,38,0.09523809523809523,3147,0.08579599618684461,0.009442099051250624,1.11005291005291,0.04119651897687039
down_10pct_5d,10,8,217,11,0.05069124423963134,3147,0.08579599618684461,-0.03510475194721327,0.5908346134152587,0.04119651897687039
down_10pct_5d,10,9,332,30,0.09036144578313253,3147,0.08579599618684461,0.004565449596287921,1.0532128514056225,0.04119651897687039
down_10pct_5d,10,10,221,25,0.11312217194570136,3147,0.08579599618684461,0.02732617575885675,1.3185017596782302,0.04119651897687039
